UUUUUUUUUU, 1
UUUUUUUUUD, 4
UUUUUUUUDU, 7
UUUUUUUUDD, 6
UUUUUUUDUU, 8
UUUUUUUDUD, 9
UUUUUUUDDU, 12
UUUUUUUDDD, 11
UUUUUUDUUU, 4
UUUUUUDUUD, 9
UUUUUUDUDU, 16
UUUUUUDUDD, 13
UUUUUUDDUU, 13
UUUUUUDDUD, 17
UUUUUUDDDU, 22
UUUUUUDDDD, 16
UUUUUDUUUU, 6
UUUUUDUUUD, 17
UUUUUDUUDU, 26
UUUUUDUUDD, 17
UUUUUDUDUU, 18
UUUUUDUDUD, 23
UUUUUDUDDU, 26
UUUUUDUDDD, 18
UUUUUDDUUU, 19
UUUUUDDUUD, 27
UUUUUDDUDU, 30
UUUUUDDUDD, 27
UUUUUDDDUU, 29
UUUUUDDDUD, 30
UUUUUDDDDU, 29
UUUUUDDDDD, 18
UUUUDUUUUU, 6
UUUUDUUUUD, 18
UUUUDUUUDU, 29
UUUUDUUUDD, 22
UUUUDUUDUU, 21
UUUUDUUDUD, 24
UUUUDUUDDU, 25
UUUUDUUDDD, 20
UUUUDUDUUU, 18
UUUUDUDUUD, 32
UUUUDUDUDU, 36
UUUUDUDUDD, 26
UUUUDUDDUU, 29
UUUUDUDDUD, 31
UUUUDUDDDU, 31
UUUUDUDDDD, 18
UUUUDDUUUU, 18
UUUUDDUUUD, 34
UUUUDDUUDU, 46
UUUUDDUUDD, 36
UUUUDDUDUU, 37
UUUUDDUDUD, 41
UUUUDDUDDU, 34
UUUUDDUDDD, 22
UUUUDDDUUU, 37
UUUUDDDUUD, 50
UUUUDDDUDU, 46
UUUUDDDUDD, 33
UUUUDDDDUU, 40
UUUUDDDDUD, 36
UUUUDDDDDU, 31
UUUUDDDDDD, 16
UUUDUUUUUU, 7
UUUDUUUUUD, 19
UUUDUUUUDU, 32
UUUDUUUUDD, 19
UUUDUUUDUU, 21
UUUDUUUDUD, 29
UUUDUUUDDU, 35
UUUDUUUDDD, 27
UUUDUUDUUU, 25
UUUDUUDUUD, 37
UUUDUUDUDU, 44
UUUDUUDUDD, 35
UUUDUUDDUU, 45
UUUDUUDDUD, 42
UUUDUUDDDU, 40
UUUDUUDDDD, 22
UUUDUDUUUU, 20
UUUDUDUUUD, 41
UUUDUDUUDU, 56
UUUDUDUUDD, 46
UUUDUDUDUU, 47
UUUDUDUDUD, 52
UUUDUDUDDU, 44
UUUDUDUDDD, 30
UUUDUDDUUU, 45
UUUDUDDUUD, 61
UUUDUDDUDU, 58
UUUDUDDUDD, 43
UUUDUDDDUU, 50
UUUDUDDDUD, 43
UUUDUDDDDU, 35
UUUDUDDDDD, 18
UUUDDUUUUU, 18
UUUDDUUUUD, 35
UUUDDUUUDU, 57
UUUDDUUUDD, 50
UUUDDUUDUU, 61
UUUDDUUDUD, 69
UUUDDUUDDU, 60
UUUDDUUDDD, 40
UUUDDUDUUU, 51
UUUDDUDUUD, 79
UUUDDUDUDU, 86
UUUDDUDUDD, 60
UUUDDUDDUU, 65
UUUDDUDDUD, 53
UUUDDUDDDU, 39
UUUDDUDDDD, 20
UUUDDDUUUU, 38
UUUDDDUUUD, 65
UUUDDDUUDU, 89
UUUDDDUUDD, 60
UUUDDDUDUU, 64
UUUDDDUDUD, 69
UUUDDDUDDU, 51
UUUDDDUDDD, 27
UUUDDDDUUU, 45
UUUDDDDUUD, 54
UUUDDDDUDU, 49
UUUDDDDUDD, 29
UUUDDDDDUU, 40
UUUDDDDDUD, 35
UUUDDDDDDU, 25
UUUDDDDDDD, 11
UUDUUUUUUU, 6
UUDUUUUUUD, 21
UUDUUUUUDU, 35
UUDUUUUUDD, 27
UUDUUUUDUU, 29
UUDUUUUDUD, 33
UUDUUUUDDU, 35
UUDUUUUDDD, 29
UUDUUUDUUU, 20
UUDUUUDUUD, 39
UUDUUUDUDU, 57
UUDUUUDUDD, 40
UUDUUUDDUU, 46
UUDUUUDDUD, 57
UUDUUUDDDU, 58
UUDUUUDDDD, 33
UUDUUDUUUU, 26
UUDUUDUUUD, 67
UUDUUDUUDU, 99
UUDUUDUUDD, 69
UUDUUDUDUU, 67
UUDUUDUDUD, 82
UUDUUDUDDU, 73
UUDUUDUDDD, 43
UUDUUDDUUU, 63
UUDUUDDUUD, 92
UUDUUDDUDU, 101
UUDUUDDUDD, 70
UUDUUDDDUU, 81
UUDUUDDDUD, 79
UUDUUDDDDU, 59
UUDUUDDDDD, 27
UUDUDUUUUU, 19
UUDUDUUUUD, 46
UUDUDUUUDU, 74
UUDUDUUUDD, 69
UUDUDUUDUU, 64
UUDUDUUDUD, 79
UUDUDUUDDU, 82
UUDUDUUDDD, 60
UUDUDUDUUU, 73
UUDUDUDUUD, 115
UUDUDUDUDU, 108
UUDUDUDUDD, 72
UUDUDUDDUU, 79
UUDUDUDDUD, 73
UUDUDUDDDU, 57
UUDUDUDDDD, 26
UUDUDDUUUU, 57
UUDUDDUUUD, 99
UUDUDDUUDU, 126
UUDUDDUUDD, 92
UUDUDDUDUU, 96
UUDUDDUDUD, 94
UUDUDDUDDU, 63
UUDUDDUDDD, 35
UUDUDDDUUU, 74
UUDUDDDUUD, 84
UUDUDDDUDU, 70
UUDUDDDUDD, 40
UUDUDDDDUU, 58
UUDUDDDDUD, 50
UUDUDDDDDU, 32
UUDUDDDDDD, 13
UUDDUUUUUU, 21
UUDDUUUUUD, 51
UUDDUUUUDU, 86
UUDDUUUUDD, 69
UUDDUUUDUU, 75
UUDDUUUDUD, 92
UUDDUUUDDU, 84
UUDDUUUDDD, 60
UUDDUUDUUU, 73
UUDDUUDUUD, 125
UUDDUUDUDU, 139
UUDDUUDUDD, 92
UUDDUUDDUU, 93
UUDDUUDDUD, 92
UUDDUUDDDU, 71
UUDDUUDDDD, 36
UUDDUDUUUU, 43
UUDDUDUUUD, 80
UUDDUDUUDU, 117
UUDDUDUUDD, 92
UUDDUDUDUU, 108
UUDDUDUDUD, 115
UUDDUDUDDU, 79
UUDDUDUDDD, 46
UUDDUDDUUU, 82
UUDDUDDUUD, 111
UUDDUDDUDU, 111
UUDDUDDUDD, 69
UUDDUDDDUU, 77
UUDDUDDDUD, 64
UUDDUDDDDU, 41
UUDDUDDDDD, 17
UUDDDUUUUU, 42
UUDDDUUUUD, 74
UUDDDUUUDU, 116
UUDDDUUUDD, 92
UUDDDUUDUU, 111
UUDDDUUDUD, 129
UUDDDUUDDU, 95
UUDDDUUDDD, 50
UUDDDUDUUU, 73
UUDDDUDUUD, 107
UUDDDUDUDU, 108
UUDDDUDUDD, 69
UUDDDUDDUU, 74
UUDDDUDDUD, 69
UUDDDUDDDU, 48
UUDDDUDDDD, 22
UUDDDDUUUU, 52
UUDDDDUUUD, 87
UUDDDDUUDU, 106
UUDDDDUUDD, 69
UUDDDDUDUU, 71
UUDDDDUDUD, 72
UUDDDDUDDU, 44
UUDDDDUDDD, 19
UUDDDDDUUU, 46
UUDDDDDUUD, 50
UUDDDDDUDU, 46
UUDDDDDUDD, 27
UUDDDDDDUU, 31
UUDDDDDDUD, 29
UUDDDDDDDU, 17
UUDDDDDDDD, 6
UDUUUUUUUU, 6
UDUUUUUUUD, 22
UDUUUUUUDU, 39
UDUUUUUUDD, 29
UDUUUUUDUU, 34
UDUUUUUDUD, 41
UDUUUUUDDU, 44
UDUUUUUDDD, 35
UDUUUUDUUU, 22
UDUUUUDUUD, 46
UDUUUUDUDU, 72
UDUUUUDUDD, 50
UDUUUUDDUU, 52
UDUUUUDDUD, 61
UDUUUUDDDU, 59
UDUUUUDDDD, 36
UDUUUDUUUU, 25
UDUUUDUUUD, 69
UDUUUDUUDU, 101
UDUUUDUUDD, 64
UDUUUDUDUU, 67
UDUUUDUDUD, 86
UDUUUDUDDU, 77
UDUUUDUDDD, 43
UDUUUDDUUU, 63
UDUUUDDUUD, 93
UDUUUDDUDU, 110
UDUUUDDUDD, 79
UDUUUDDDUU, 88
UDUUUDDDUD, 82
UDUUUDDDDU, 60
UDUUUDDDDD, 30
UDUUDUUUUU, 22
UDUUDUUUUD, 56
UDUUDUUUDU, 88
UDUUDUUUDD, 69
UDUUDUUDUU, 68
UDUUDUUDUD, 87
UDUUDUUDDU, 83
UDUUDUUDDD, 53
UDUUDUDUUU, 60
UDUUDUDUUD, 107
UDUUDUDUDU, 113
UDUUDUDUDD, 73
UDUUDUDDUU, 80
UDUUDUDDUD, 78
UDUUDUDDDU, 64
UDUUDUDDDD, 31
UDUUDDUUUU, 54
UDUUDDUUUD, 96
UDUUDDUUDU, 129
UDUUDDUUDD, 92
UDUUDDUDUU, 110
UDUUDDUDUD, 103
UDUUDDUDDU, 73
UDUUDDUDDD, 42
UDUUDDDUUU, 90
UDUUDDDUUD, 96
UDUUDDDUDU, 95
UDUUDDDUDD, 57
UDUUDDDDUU, 74
UDUUDDDDUD, 61
UDUUDDDDDU, 39
UDUUDDDDDD, 17
UDUDUUUUUU, 24
UDUDUUUUUD, 59
UDUDUUUUDU, 95
UDUDUUUUDD, 72
UDUDUUUDUU, 71
UDUDUUUDUD, 92
UDUDUUUDDU, 95
UDUDUUUDDD, 69
UDUDUUDUUU, 78
UDUDUUDUUD, 127
UDUDUUDUDU, 139
UDUDUUDUDD, 94
UDUDUUDDUU, 106
UDUDUUDDUD, 103
UDUDUUDDDU, 81
UDUDUUDDDD, 41
UDUDUDUUUU, 56
UDUDUDUUUD, 107
UDUDUDUUDU, 157
UDUDUDUUDD, 115
UDUDUDUDUU, 130
UDUDUDUDUD, 140
UDUDUDUDDU, 96
UDUDUDUDDD, 52
UDUDUDDUUU, 100
UDUDUDDUUD, 134
UDUDUDDUDU, 132
UDUDUDDUDD, 82
UDUDUDDDUU, 98
UDUDUDDDUD, 86
UDUDUDDDDU, 57
UDUDUDDDDD, 23
UDUDDUUUUU, 52
UDUDDUUUUD, 97
UDUDDUUUDU, 153
UDUDDUUUDD, 129
UDUDDUUDUU, 138
UDUDDUUDUD, 162
UDUDDUUDDU, 125
UDUDDUUDDD, 69
UDUDDUDUUU, 108
UDUDDUDUUD, 147
UDUDDUDUDU, 131
UDUDDUDUDD, 79
UDUDDUDDUU, 91
UDUDDUDDUD, 87
UDUDDUDDDU, 59
UDUDDUDDDD, 24
UDUDDDUUUU, 74
UDUDDDUUUD, 123
UDUDDDUUDU, 141
UDUDDDUUDD, 92
UDUDDDUDUU, 102
UDUDDDUDUD, 92
UDUDDDUDDU, 60
UDUDDDUDDD, 29
UDUDDDDUUU, 69
UDUDDDDUUD, 73
UDUDDDDUDU, 63
UDUDDDDUDD, 33
UDUDDDDDUU, 45
UDUDDDDDUD, 41
UDUDDDDDDU, 24
UDUDDDDDDD, 9
UDDUUUUUUU, 15
UDDUUUUUUD, 40
UDDUUUUUDU, 68
UDDUUUUUDD, 50
UDDUUUUDUU, 60
UDDUUUUDUD, 73
UDDUUUUDDU, 73
UDDUUUUDDD, 54
UDDUUUDUUU, 55
UDDUUUDUUD, 90
UDDUUUDUDU, 119
UDDUUUDUDD, 84
UDDUUUDDUU, 92
UDDUUUDDUD, 96
UDDUUUDDDU, 84
UDDUUUDDDD, 50
UDDUUDUUUU, 44
UDDUUDUUUD, 99
UDDUUDUUDU, 153
UDDUUDUUDD, 111
UDDUUDUDUU, 113
UDDUUDUDUD, 134
UDDUUDUDDU, 107
UDDUUDUDDD, 61
UDDUUDDUUU, 98
UDDUUDDUUD, 140
UDDUUDDUDU, 146
UDDUUDDUDD, 92
UDDUUDDDUU, 108
UDDUUDDDUD, 93
UDDUUDDDDU, 63
UDDUUDDDDD, 27
UDDUDUUUUU, 41
UDDUDUUUUD, 82
UDDUDUUUDU, 128
UDDUDUUUDD, 107
UDDUDUUDUU, 126
UDDUDUUDUD, 147
UDDUDUUDDU, 125
UDDUDUUDDD, 79
UDDUDUDUUU, 101
UDDUDUDUUD, 158
UDDUDUDUDU, 167
UDDUDUDUDD, 115
UDDUDUDDUU, 122
UDDUDUDDUD, 107
UDDUDUDDDU, 72
UDDUDUDDDD, 32
UDDUDDUUUU, 85
UDDUDDUUUD, 144
UDDUDDUUDU, 186
UDDUDDUUDD, 125
UDDUDDUDUU, 135
UDDUDDUDUD, 127
UDDUDDUDDU, 75
UDDUDDUDDD, 37
UDDUDDDUUU, 93
UDDUDDDUUD, 90
UDDUDDDUDU, 74
UDDUDDDUDD, 39
UDDUDDDDUU, 57
UDDUDDDDUD, 46
UDDUDDDDDU, 24
UDDUDDDDDD, 9
UDDDUUUUUU, 29
UDDDUUUUUD, 67
UDDDUUUUDU, 113
UDDDUUUUDD, 87
UDDDUUUDUU, 100
UDDDUUUDUD, 123
UDDDUUUDDU, 100
UDDDUUUDDD, 65
UDDDUUDUUU, 83
UDDDUUDUUD, 144
UDDDUUDUDU, 155
UDDDUUDUDD, 99
UDDDUUDDUU, 92
UDDDUUDDUD, 96
UDDDUUDDDU, 72
UDDDUUDDDD, 34
UDDDUDUUUU, 46
UDDDUDUUUD, 82
UDDDUDUUDU, 114
UDDDUDUUDD, 80
UDDDUDUDUU, 99
UDDDUDUDUD, 107
UDDDUDUDDU, 74
UDDDUDUDDD, 41
UDDDUDDUUU, 70
UDDDUDDUUD, 99
UDDDUDDUDU, 105
UDDDUDDUDD, 67
UDDDUDDDUU, 84
UDDDUDDDUD, 69
UDDDUDDDDU, 43
UDDDUDDDDD, 17
UDDDDUUUUU, 34
UDDDDUUUUD, 60
UDDDDUUUDU, 93
UDDDDUUUDD, 74
UDDDDUUDUU, 80
UDDDDUUDUD, 97
UDDDDUUDDU, 69
UDDDDUUDDD, 35
UDDDDUDUUU, 60
UDDDDUDUUD, 82
UDDDDUDUDU, 75
UDDDDUDUDD, 46
UDDDDUDDUU, 55
UDDDDUDDUD, 56
UDDDDUDDDU, 43
UDDDDUDDDD, 18
UDDDDDUUUU, 38
UDDDDDUUUD, 67
UDDDDDUUDU, 82
UDDDDDUUDD, 51
UDDDDDUDUU, 58
UDDDDDUDUD, 59
UDDDDDUDDU, 39
UDDDDDUDDD, 19
UDDDDDDUUU, 37
UDDDDDDUUD, 40
UDDDDDDUDU, 36
UDDDDDDUDD, 21
UDDDDDDDUU, 23
UDDDDDDDUD, 22
UDDDDDDDDU, 12
UDDDDDDDDD, 4
DUUUUUUUUU, 3
DUUUUUUUUD, 12
DUUUUUUUDU, 21
DUUUUUUUDD, 17
DUUUUUUDUU, 21
DUUUUUUDUD, 24
DUUUUUUDDU, 28
DUUUUUUDDD, 25
DUUUUUDUUU, 11
DUUUUUDUUD, 24
DUUUUUDUDU, 43
DUUUUUDUDD, 32
DUUUUUDDUU, 32
DUUUUUDDUD, 39
DUUUUUDDDU, 42
DUUUUUDDDD, 31
DUUUUDUUUU, 15
DUUUUDUUUD, 43
DUUUUDUUDU, 66
DUUUUDUUDD, 41
DUUUUDUDUU, 44
DUUUUDUDUD, 57
DUUUUDUDDU, 56
DUUUUDUDDD, 35
DUUUUDDUUU, 44
DUUUUDDUUD, 63
DUUUUDDUDU, 72
DUUUUDDUDD, 59
DUUUUDDDUU, 60
DUUUUDDDUD, 60
DUUUUDDDDU, 48
DUUUUDDDDD, 29
DUUUDUUUUU, 15
DUUUDUUUUD, 43
DUUUDUUUDU, 67
DUUUDUUUDD, 48
DUUUDUUDUU, 46
DUUUDUUDUD, 59
DUUUDUUDDU, 55
DUUUDUUDDD, 39
DUUUDUDUUU, 41
DUUUDUDUUD, 72
DUUUDUDUDU, 80
DUUUDUDUDD, 57
DUUUDUDDUU, 63
DUUUDUDDUD, 64
DUUUDUDDDU, 54
DUUUDUDDDD, 31
DUUUDDUUUU, 39
DUUUDDUUUD, 72
DUUUDDUUDU, 96
DUUUDDUUDD, 71
DUUUDDUDUU, 79
DUUUDDUDUD, 81
DUUUDDUDDU, 62
DUUUDDUDDD, 40
DUUUDDDUUU, 66
DUUUDDDUUD, 84
DUUUDDDUDU, 84
DUUUDDDUDD, 58
DUUUDDDDUU, 67
DUUUDDDDUD, 59
DUUUDDDDDU, 42
DUUUDDDDDD, 22
DUUDUUUUUU, 15
DUUDUUUUUD, 39
DUUDUUUUDU, 64
DUUDUUUUDD, 44
DUUDUUUDUU, 45
DUUDUUUDUD, 60
DUUDUUUDDU, 66
DUUDUUUDDD, 51
DUUDUUDUUU, 49
DUUDUUDUUD, 75
DUUDUUDUDU, 86
DUUDUUDUDD, 63
DUUDUUDDUU, 76
DUUDUUDDUD, 73
DUUDUUDDDU, 62
DUUDUUDDDD, 34
DUUDUDUUUU, 37
DUUDUDUUUD, 74
DUUDUDUUDU, 102
DUUDUDUUDD, 79
DUUDUDUDUU, 92
DUUDUDUDUD, 96
DUUDUDUDDU, 70
DUUDUDUDDD, 44
DUUDUDDUUU, 80
DUUDUDDUUD, 107
DUUDUDDUDU, 104
DUUDUDDUDD, 73
DUUDUDDDUU, 82
DUUDUDDDUD, 77
DUUDUDDDDU, 56
DUUDUDDDDD, 26
DUUDDUUUUU, 37
DUUDDUUUUD, 69
DUUDDUUUDU, 109
DUUDDUUUDD, 95
DUUDDUUDUU, 110
DUUDDUUDUD, 125
DUUDDUUDDU, 102
DUUDDUUDDD, 60
DUUDDUDUUU, 88
DUUDDUDUUD, 125
DUUDDUDUDU, 124
DUUDDUDUDD, 82
DUUDDUDDUU, 94
DUUDDUDDUD, 83
DUUDDUDDDU, 55
DUUDDUDDDD, 25
DUUDDDUUUU, 60
DUUDDDUUUD, 100
DUUDDDUUDU, 126
DUUDDDUUDD, 84
DUUDDDUDUU, 94
DUUDDDUDUD, 95
DUUDDDUDDU, 66
DUUDDDUDDD, 35
DUUDDDDUUU, 64
DUUDDDDUUD, 73
DUUDDDDUDU, 64
DUUDDDDUDD, 35
DUUDDDDDUU, 48
DUUDDDDDUD, 44
DUUDDDDDDU, 28
DUUDDDDDDD, 12
DUDUUUUUUU, 11
DUDUUUUUUD, 36
DUDUUUUUDU, 62
DUDUUUUUDD, 46
DUDUUUUDUU, 53
DUDUUUUDUD, 63
DUDUUUUDDU, 64
DUDUUUUDDD, 49
DUDUUUDUUU, 40
DUDUUUDUUD, 74
DUDUUUDUDU, 104
DUDUUUDUDD, 70
DUDUUUDDUU, 85
DUDUUUDDUD, 95
DUDUUUDDDU, 84
DUDUUUDDDD, 46
DUDUUDUUUU, 42
DUDUUDUUUD, 105
DUDUUDUUDU, 156
DUDUUDUUDD, 111
DUDUUDUDUU, 107
DUDUUDUDUD, 132
DUDUUDUDDU, 104
DUDUUDUDDD, 58
DUDUUDDUUU, 100
DUDUUDDUUD, 146
DUDUUDDUDU, 156
DUDUUDDUDD, 101
DUDUUDDDUU, 120
DUDUUDDDUD, 110
DUDUUDDDDU, 72
DUDUUDDDDD, 30
DUDUDUUUUU, 34
DUDUDUUUUD, 75
DUDUDUUUDU, 119
DUDUDUUUDD, 108
DUDUDUUDUU, 113
DUDUDUUDUD, 131
DUDUDUUDDU, 124
DUDUDUUDDD, 86
DUDUDUDUUU, 103
DUDUDUDUUD, 167
DUDUDUDUDU, 168
DUDUDUDUDD, 108
DUDUDUDDUU, 124
DUDUDUDDUD, 113
DUDUDUDDDU, 80
DUDUDUDDDD, 36
DUDUDDUUUU, 92
DUDUDDUUUD, 155
DUDUDDUUDU, 191
DUDUDDUUDD, 139
DUDUDDUDUU, 150
DUDUDDUDUD, 139
DUDUDDUDDU, 86
DUDUDDUDDD, 44
DUDUDDDUUU, 111
DUDUDDDUUD, 119
DUDUDDDUDU, 104
DUDUDDDUDD, 57
DUDUDDDDUU, 82
DUDUDDDDUD, 72
DUDUDDDDDU, 43
DUDUDDDDDD, 16
DUDDUUUUUU, 34
DUDDUUUUUD, 82
DUDDUUUUDU, 134
DUDDUUUUDD, 106
DUDDUUUDUU, 111
DUDDUUUDUD, 141
DUDDUUUDDU, 126
DUDDUUUDDD, 89
DUDDUUDUUU, 109
DUDDUUDUUD, 186
DUDDUUDUDU, 191
DUDDUUDUDD, 126
DUDDUUDDUU, 127
DUDDUUDDUD, 129
DUDDUUDDDU, 96
DUDDUUDDDD, 46
DUDDUDUUUU, 65
DUDDUDUUUD, 114
DUDDUDUUDU, 160
DUDDUDUUDD, 117
DUDDUDUDUU, 152
DUDDUDUDUD, 157
DUDDUDUDDU, 102
DUDDUDUDDD, 56
DUDDUDDUUU, 110
DUDDUDDUUD, 153
DUDDUDDUDU, 156
DUDDUDDUDD, 99
DUDDUDDDUU, 117
DUDDUDDDUD, 101
DUDDUDDDDU, 66
DUDDUDDDDD, 26
DUDDDUUUUU, 52
DUDDDUUUUD, 93
DUDDDUUUDU, 148
DUDDDUUUDD, 116
DUDDDUUDUU, 131
DUDDDUUDUD, 153
DUDDDUUDDU, 109
DUDDDUUDDD, 57
DUDDDUDUUU, 96
DUDDDUDUUD, 128
DUDDDUDUDU, 119
DUDDDUDUDD, 74
DUDDDUDDUU, 89
DUDDDUDDUD, 88
DUDDDUDDDU, 67
DUDDDUDDDD, 29
DUDDDDUUUU, 65
DUDDDDUUUD, 113
DUDDDDUUDU, 134
DUDDDDUUDD, 86
DUDDDDUDUU, 98
DUDDDDUDUD, 95
DUDDDDUDDU, 64
DUDDDDUDDD, 32
DUDDDDDUUU, 62
DUDDDDDUUD, 68
DUDDDDDUDU, 62
DUDDDDDUDD, 35
DUDDDDDDUU, 41
DUDDDDDDUD, 39
DUDDDDDDDU, 21
DUDDDDDDDD, 7
DDUUUUUUUU, 7
DDUUUUUUUD, 23
DDUUUUUUDU, 41
DDUUUUUUDD, 31
DDUUUUUDUU, 37
DDUUUUUDUD, 45
DDUUUUUDDU, 48
DDUUUUUDDD, 40
DDUUUUDUUU, 31
DDUUUUDUUD, 57
DDUUUUDUDU, 82
DDUUUUDUDD, 58
DDUUUUDDUU, 63
DDUUUUDDUD, 74
DDUUUUDDDU, 67
DDUUUUDDDD, 40
DDUUUDUUUU, 35
DDUUUDUUUD, 84
DDUUUDUUDU, 117
DDUUUDUUDD, 77
DDUUUDUDUU, 83
DDUUUDUDUD, 98
DDUUUDUDDU, 82
DDUUUDUDDD, 50
DDUUUDDUUU, 72
DDUUUDDUUD, 108
DDUUUDDUDU, 120
DDUUUDDUDD, 81
DDUUUDDDUU, 92
DDUUUDDDUD, 88
DDUUUDDDDU, 60
DDUUUDDDDD, 29
DDUUDUUUUU, 22
DDUUDUUUUD, 55
DDUUDUUUDU, 89
DDUUDUUUDD, 74
DDUUDUUDUU, 76
DDUUDUUDUD, 91
DDUUDUUDDU, 94
DDUUDUUDDD, 65
DDUUDUDUUU, 73
DDUUDUDUUD, 122
DDUUDUDUDU, 124
DDUUDUDUDD, 79
DDUUDUDDUU, 88
DDUUDUDDUD, 80
DDUUDUDDDU, 63
DDUUDUDDDD, 29
DDUUDDUUUU, 50
DDUUDDUUUD, 92
DDUUDDUUDU, 127
DDUUDDUUDD, 93
DDUUDDUDUU, 111
DDUUDDUDUD, 106
DDUUDDUDDU, 76
DDUUDDUDDD, 45
DDUUDDDUUU, 80
DDUUDDDUUD, 92
DDUUDDDUDU, 85
DDUUDDDUDD, 46
DDUUDDDDUU, 63
DDUUDDDDUD, 52
DDUUDDDDDU, 32
DDUUDDDDDD, 13
DDUDUUUUUU, 22
DDUDUUUUUD, 58
DDUDUUUUDU, 98
DDUDUUUUDD, 71
DDUDUUUDUU, 83
DDUDUUUDUD, 102
DDUDUUUDDU, 94
DDUDUUUDDD, 64
DDUDUUDUUU, 80
DDUDUUDUUD, 135
DDUDUUDUDU, 150
DDUDUUDUDD, 96
DDUDUUDDUU, 111
DDUDUUDDUD, 110
DDUDUUDDDU, 79
DDUDUUDDDD, 37
DDUDUDUUUU, 49
DDUDUDUUUD, 99
DDUDUDUUDU, 152
DDUDUDUUDD, 108
DDUDUDUDUU, 116
DDUDUDUDUD, 130
DDUDUDUDDU, 92
DDUDUDUDDD, 47
DDUDUDDUUU, 86
DDUDUDDUUD, 113
DDUDUDDUDU, 107
DDUDUDDUDD, 67
DDUDUDDDUU, 83
DDUDUDDDUD, 67
DDUDUDDDDU, 44
DDUDUDDDDD, 18
DDUDDUUUUU, 42
DDUDDUUUUD, 80
DDUDDUUUDU, 131
DDUDDUUUDD, 111
DDUDDUUDUU, 122
DDUDDUUDUD, 138
DDUDDUUDDU, 110
DDUDDUUDDD, 61
DDUDDUDUUU, 89
DDUDDUDUUD, 126
DDUDDUDUDU, 113
DDUDDUDUDD, 64
DDUDDUDDUU, 76
DDUDDUDDUD, 68
DDUDDUDDDU, 46
DDUDDUDDDD, 21
DDUDDDUUUU, 60
DDUDDDUUUD, 100
DDUDDDUUDU, 111
DDUDDDUUDD, 75
DDUDDDUDUU, 83
DDUDDDUDUD, 71
DDUDDDUDDU, 45
DDUDDDUDDD, 21
DDUDDDDUUU, 56
DDUDDDDUUD, 60
DDUDDDDUDU, 53
DDUDDDDUDD, 29
DDUDDDDDUU, 37
DDUDDDDDUD, 34
DDUDDDDDDU, 21
DDUDDDDDDD, 8
DDDUUUUUUU, 14
DDDUUUUUUD, 37
DDDUUUUUDU, 62
DDDUUUUUDD, 46
DDDUUUUDUU, 56
DDDUUUUDUD, 69
DDDUUUUDDU, 64
DDDUUUUDDD, 45
DDDUUUDUUU, 56
DDDUUUDUUD, 93
DDDUUUDUDU, 111
DDDUUUDUDD, 74
DDDUUUDDUU, 80
DDDUUUDDUD, 90
DDDUUUDDDU, 66
DDDUUUDDDD, 37
DDDUUDUUUU, 33
DDDUUDUUUD, 70
DDDUUDUUDU, 110
DDDUUDUUDD, 82
DDDUUDUDUU, 86
DDDUUDUDUD, 100
DDDUUDUDDU, 80
DDDUUDUDDD, 45
DDDUUDDUUU, 64
DDDUUDDUUD, 98
DDDUUDDUDU, 100
DDDUUDDUDD, 63
DDDUUDDDUU, 72
DDDUUDDDUD, 63
DDDUUDDDDU, 44
DDDUUDDDDD, 19
DDDUDUUUUU, 28
DDDUDUUUUD, 60
DDDUDUUUDU, 96
DDDUDUUUDD, 73
DDDUDUUDUU, 89
DDDUDUUDUD, 108
DDDUDUUDDU, 88
DDDUDUUDDD, 51
DDDUDUDUUU, 66
DDDUDUDUUD, 101
DDDUDUDUDU, 103
DDDUDUDUDD, 73
DDDUDUDDUU, 73
DDDUDUDDUD, 60
DDDUDUDDDU, 41
DDDUDUDDDD, 18
DDDUDDUUUU, 48
DDDUDDUUUD, 83
DDDUDDUUDU, 109
DDDUDDUUDD, 73
DDDUDDUDUU, 80
DDDUDDUDUD, 78
DDDUDDUDDU, 49
DDDUDDUDDD, 25
DDDUDDDUUU, 56
DDDUDDDUUD, 55
DDDUDDDUDU, 40
DDDUDDDUDD, 20
DDDUDDDDUU, 31
DDDUDDDDUD, 22
DDDUDDDDDU, 11
DDDUDDDDDD, 4
DDDDUUUUUU, 17
DDDDUUUUUD, 38
DDDDUUUUDU, 65
DDDDUUUUDD, 52
DDDDUUUDUU, 60
DDDDUUUDUD, 74
DDDDUUUDDU, 60
DDDDUUUDDD, 38
DDDDUUDUUU, 48
DDDDUUDUUD, 85
DDDDUUDUDU, 92
DDDDUUDUDD, 57
DDDDUUDDUU, 50
DDDDUUDDUD, 54
DDDDUUDDDU, 39
DDDDUUDDDD, 18
DDDDUDUUUU, 24
DDDDUDUUUD, 46
DDDDUDUUDU, 65
DDDDUDUUDD, 43
DDDDUDUDUU, 49
DDDDUDUDUD, 56
DDDDUDUDDU, 37
DDDDUDUDDD, 20
DDDDUDDUUU, 33
DDDDUDDUUD, 44
DDDDUDDUDU, 42
DDDDUDDUDD, 26
DDDDUDDDUU, 35
DDDDUDDDUD, 25
DDDDUDDDDU, 15
DDDDUDDDDD, 6
DDDDDUUUUU, 18
DDDDDUUUUD, 34
DDDDDUUUDU, 52
DDDDDUUUDD, 42
DDDDDUUDUU, 42
DDDDDUUDUD, 52
DDDDDUUDDU, 37
DDDDDUUDDD, 18
DDDDDUDUUU, 28
DDDDDUDUUD, 41
DDDDDUDUDU, 34
DDDDDUDUDD, 19
DDDDDUDDUU, 22
DDDDDUDDUD, 22
DDDDDUDDDU, 15
DDDDDUDDDD, 6
DDDDDDUUUU, 17
DDDDDDUUUD, 29
DDDDDDUUDU, 34
DDDDDDUUDD, 21
DDDDDDUDUU, 22
DDDDDDUDUD, 24
DDDDDDUDDU, 15
DDDDDDUDDD, 7
DDDDDDDUUU, 14
DDDDDDDUUD, 15
DDDDDDDUDU, 11
DDDDDDDUDD, 6
DDDDDDDDUU, 7
DDDDDDDDUD, 6
DDDDDDDDDU, 3
DDDDDDDDDD, 1
