UUUU, 1
UUUD, 3
UUDU, 7
UUDD, 6
UDUU, 8
UDUD, 14
UDDU, 8
UDDD, 3
DUUU, 4
DUUD, 8
DUDU, 10
DUDD, 7
DDUU, 4
DDUD, 8
DDDU, 4
DDDD, 1
UUUUU, 1
UUUUD, 2
UUUDU, 3
UUUDD, 4
UUDUU, 3
UUDUD, 5
UUDDU, 7
UUDDD, 4
UDUUU, 5
UDUUD, 7
UDUDU, 8
UDUDD, 5
UDDUU, 5
UDDUD, 7
UDDDU, 4
UDDDD, 2
DUUUU, 2
DUUUD, 4
DUUDU, 7
DUUDD, 7
DUDUU, 5
DUDUD, 8
DUDDU, 7
DUDDD, 3
DDUUU, 4
DDUUD, 5
DDUDU, 5
DDUDD, 3
DDDUU, 4
DDDUD, 5
DDDDU, 2
DDDDD, 1
UUUUUU, 1
UUUUUD, 2
UUUUDU, 3
UUUUDD, 2
UUUDUU, 4
UUUDUD, 6
UUUDDU, 5
UUUDDD, 4
UUDUUU, 6
UUDUUD, 9
UUDUDU, 12
UUDUDD, 8
UUDDUU, 8
UUDDUD, 7
UUDDDU, 8
UUDDDD, 2
UDUUUU, 5
UDUUUD, 9
UDUUDU, 12
UDUUDD, 7
UDUDUU, 17
UDUDUD, 16
UDUDDU, 14
UDUDDD, 6
UDDUUU, 8
UDDUUD, 16
UDDUDU, 22
UDDUDD, 9
UDDDUU, 10
UDDDUD, 9
UDDDDU, 8
UDDDDD, 2
DUUUUU, 4
DUUUUD, 8
DUUUDU, 12
DUUUDD, 8
DUUDUU, 13
DUUDUD, 14
DUUDDU, 6
DUUDDD, 5
DUDUUU, 13
DUDUUD, 22
DUDUDU, 24
DUDUDD, 12
DUDDUU, 14
DUDDUD, 12
DUDDDU, 12
DUDDDD, 3
DDUUUU, 5
DDUUUD, 10
DDUUDU, 14
DDUUDD, 8
DDUDUU, 16
DDUDUD, 17
DDUDDU, 13
DDUDDD, 4
DDDUUU, 4
DDDUUD, 8
DDDUDU, 13
DDDUDD, 6
DDDDUU, 5
DDDDUD, 5
DDDDDU, 4
DDDDDD, 1
UUUUUUU, 1
UUUUUUD, 2
UUUUUDU, 5
UUUUUDD, 4
UUUUDUU, 5
UUUUDUD, 9
UUUUDDU, 7
UUUUDDD, 2
UUUDUUU, 4
UUUDUUD, 9
UUUDUDU, 14
UUUDUDD, 9
UUUDDUU, 9
UUUDDUD, 8
UUUDDDU, 5
UUUDDDD, 2
UUDUUUU, 4
UUDUUUD, 6
UUDUUDU, 8
UUDUUDD, 7
UUDUDUU, 11
UUDUDUD, 13
UUDUDDU, 15
UUDUDDD, 9
UUDDUUU, 7
UUDDUUD, 11
UUDDUDU, 14
UUDDUDD, 7
UUDDDUU, 10
UUDDDUD, 11
UUDDDDU, 9
UUDDDDD, 4
UDUUUUU, 5
UDUUUUD, 9
UDUUUDU, 14
UDUUUDD, 11
UDUUDUU, 13
UDUUDUD, 15
UDUUDDU, 11
UDUUDDD, 8
UDUDUUU, 11
UDUDUUD, 17
UDUDUDU, 20
UDUDUDD, 13
UDUDDUU, 16
UDUDDUD, 15
UDUDDDU, 16
UDUDDDD, 9
UDDUUUU, 11
UDDUUUD, 16
UDDUUDU, 18
UDDUUDD, 11
UDDUDUU, 14
UDDUDUD, 17
UDDUDDU, 17
UDDUDDD, 9
UDDDUUU, 11
UDDDUUD, 16
UDDDUDU, 14
UDDDUDD, 6
UDDDDUU, 9
UDDDDUD, 9
UDDDDDU, 7
UDDDDDD, 2
DUUUUUU, 3
DUUUUUD, 7
DUUUUDU, 12
DUUUUDD, 9
DUUUDUU, 11
DUUUDUD, 16
DUUUDDU, 11
DUUUDDD, 5
DUUDUUU, 9
DUUDUUD, 17
DUUDUDU, 21
DUUDUDD, 15
DUUDDUU, 15
DUUDDUD, 11
DUUDDDU, 11
DUUDDDD, 7
DUDUUUU, 9
DUDUUUD, 14
DUDUUDU, 17
DUDUUDD, 14
DUDUDUU, 18
DUDUDUD, 20
DUDUDDU, 21
DUDUDDD, 14
DUDDUUU, 14
DUDDUUD, 18
DUDDUDU, 17
DUDDUDD, 8
DUDDDUU, 13
DUDDDUD, 14
DUDDDDU, 12
DUDDDDD, 5
DDUUUUU, 5
DDUUUUD, 9
DDUUUDU, 13
DDUUUDD, 10
DDUUDUU, 13
DDUUDUD, 16
DDUUDDU, 15
DDUUDDD, 9
DDUDUUU, 9
DDUDUUD, 14
DDUDUDU, 18
DDUDUDD, 11
DDUDDUU, 13
DDUDDUD, 13
DDUDDDU, 11
DDUDDDD, 5
DDDUUUU, 7
DDDUUUD, 11
DDDUUDU, 14
DDDUUDD, 7
DDDUDUU, 9
DDDUDUD, 11
DDDUDDU, 9
DDDUDDD, 4
DDDDUUU, 7
DDDDUUD, 11
DDDDUDU, 9
DDDDUDD, 4
DDDDDUU, 5
DDDDDUD, 5
DDDDDDU, 3
DDDDDDD, 1
UUUUUUUU, 1
UUUUUUUD, 2
UUUUUUDU, 3
UUUUUUDD, 3
UUUUUDUU, 5
UUUUUDUD, 6
UUUUUDDU, 4
UUUUUDDD, 5
UUUUDUUU, 6
UUUUDUUD, 9
UUUUDUDU, 10
UUUUDUDD, 10
UUUUDDUU, 8
UUUUDDUD, 7
UUUUDDDU, 9
UUUUDDDD, 6
UUUDUUUU, 7
UUUDUUUD, 11
UUUDUUDU, 13
UUUDUUDD, 13
UUUDUDUU, 14
UUUDUDUD, 15
UUUDUDDU, 17
UUUDUDDD, 12
UUUDDUUU, 11
UUUDDUUD, 12
UUUDDUDU, 14
UUUDDUDD, 9
UUUDDDUU, 12
UUUDDDUD, 14
UUUDDDDU, 13
UUUDDDDD, 5
UUDUUUUU, 7
UUDUUUUD, 12
UUDUUUDU, 16
UUDUUUDD, 13
UUDUUDUU, 11
UUDUUDUD, 13
UUDUUDDU, 10
UUDUUDDD, 9
UUDUDUUU, 16
UUDUDUUD, 22
UUDUDUDU, 25
UUDUDUDD, 16
UUDUDDUU, 22
UUDUDDUD, 23
UUDUDDDU, 25
UUDUDDDD, 10
UUDDUUUU, 12
UUDDUUUD, 21
UUDDUUDU, 24
UUDDUUDD, 18
UUDDUDUU, 27
UUDDUDUD, 33
UUDDUDDU, 31
UUDDUDDD, 13
UUDDDUUU, 17
UUDDDUUD, 27
UUDDDUDU, 34
UUDDDUDD, 13
UUDDDDUU, 18
UUDDDDUD, 20
UUDDDDDU, 12
UUDDDDDD, 3
UDUUUUUU, 7
UDUUUUUD, 15
UDUUUUDU, 24
UDUUUUDD, 20
UDUUUDUU, 25
UDUUUDUD, 31
UDUUUDDU, 18
UDUUUDDD, 14
UDUUDUUU, 23
UDUUDUUD, 34
UDUUDUDU, 30
UDUUDUDD, 23
UDUUDDUU, 18
UDUUDDUD, 12
UDUUDDDU, 12
UDUUDDDD, 7
UDUDUUUU, 23
UDUDUUUD, 38
UDUDUUDU, 43
UDUDUUDD, 33
UDUDUDUU, 36
UDUDUDUD, 40
UDUDUDDU, 33
UDUDUDDD, 15
UDUDDUUU, 24
UDUDDUUD, 33
UDUDDUDU, 40
UDUDDUDD, 13
UDUDDDUU, 27
UDUDDDUD, 31
UDUDDDDU, 23
UDUDDDDD, 6
UDDUUUUU, 13
UDDUUUUD, 26
UDDUUUDU, 36
UDDUUUDD, 27
UDDUUDUU, 30
UDDUUDUD, 33
UDDUUDDU, 22
UDDUUDDD, 12
UDDUDUUU, 30
UDDUDUUD, 42
UDDUDUDU, 47
UDDUDUDD, 22
UDDUDDUU, 29
UDDUDDUD, 34
UDDUDDDU, 29
UDDUDDDD, 9
UDDDUUUU, 14
UDDDUUUD, 24
UDDDUUDU, 31
UDDDUUDD, 21
UDDDUDUU, 30
UDDDUDUD, 38
UDDDUDDU, 34
UDDDUDDD, 11
UDDDDUUU, 18
UDDDDUUD, 26
UDDDDUDU, 32
UDDDDUDD, 12
UDDDDDUU, 14
UDDDDDUD, 15
UDDDDDDU, 8
UDDDDDDD, 2
DUUUUUUU, 4
DUUUUUUD, 8
DUUUUUDU, 13
DUUUUUDD, 12
DUUUUDUU, 19
DUUUUDUD, 23
DUUUUDDU, 15
DUUUUDDD, 13
DUUUDUUU, 19
DUUUDUUD, 29
DUUUDUDU, 30
DUUUDUDD, 25
DUUUDDUU, 14
DUUUDDUD, 12
DUUUDDDU, 14
DUUUDDDD, 9
DUUDUUUU, 20
DUUDUUUD, 34
DUUDUUDU, 37
DUUDUUDD, 31
DUUDUDUU, 31
DUUDUDUD, 33
DUUDUDDU, 28
DUUDUDDD, 17
DUUDDUUU, 18
DUUDDUUD, 22
DUUDDUDU, 21
DUUDDUDD, 10
DUUDDDUU, 17
DUUDDDUD, 18
DUUDDDDU, 15
DUUDDDDD, 4
DUDUUUUU, 17
DUDUUUUD, 32
DUDUUUDU, 44
DUDUUUDD, 34
DUDUUDUU, 35
DUDUUDUD, 40
DUDUUDDU, 21
DUDUUDDD, 14
DUDUDUUU, 34
DUDUDUUD, 47
DUDUDUDU, 44
DUDUDUDD, 25
DUDUDDUU, 30
DUDUDDUD, 30
DUDUDDDU, 30
DUDUDDDD, 10
DUDDUUUU, 18
DUDDUUUD, 31
DUDDUUDU, 36
DUDDUUDD, 24
DUDDUDUU, 37
DUDDUDUD, 43
DUDDUDDU, 37
DUDDUDDD, 13
DUDDDUUU, 25
DUDDDUUD, 36
DUDDDUDU, 44
DUDDDUDD, 16
DUDDDDUU, 22
DUDDDDUD, 24
DUDDDDDU, 13
DUDDDDDD, 3
DDUUUUUU, 7
DDUUUUUD, 14
DDUUUUDU, 22
DDUUUUDD, 18
DDUUUDUU, 21
DDUUUDUD, 27
DDUUUDDU, 17
DDUUUDDD, 12
DDUUDUUU, 20
DDUUDUUD, 29
DDUUDUDU, 30
DDUUDUDD, 22
DDUUDDUU, 20
DDUUDDUD, 18
DDUUDDDU, 14
DDUUDDDD, 8
DDUDUUUU, 18
DDUDUUUD, 30
DDUDUUDU, 37
DDUDUUDD, 27
DDUDUDUU, 32
DDUDUDUD, 36
DDUDUDDU, 31
DDUDUDDD, 14
DDUDDUUU, 21
DDUDDUUD, 30
DDUDDUDU, 35
DDUDDUDD, 11
DDUDDDUU, 21
DDUDDDUD, 25
DDUDDDDU, 19
DDUDDDDD, 5
DDDUUUUU, 9
DDDUUUUD, 18
DDDUUUDU, 25
DDDUUUDD, 17
DDDUUDUU, 21
DDDUUDUD, 24
DDDUUDDU, 18
DDDUUDDD, 11
DDDUDUUU, 20
DDDUDUUD, 30
DDDUDUDU, 34
DDDUDUDD, 16
DDDUDDUU, 20
DDDUDDUD, 23
DDDUDDDU, 19
DDDUDDDD, 6
DDDDUUUU, 8
DDDDUUUD, 14
DDDDUUDU, 18
DDDDUUDD, 12
DDDDUDUU, 18
DDDDUDUD, 23
DDDDUDDU, 20
DDDDUDDD, 7
DDDDDUUU, 9
DDDDDUUD, 13
DDDDDUDU, 17
DDDDDUDD, 7
DDDDDDUU, 7
DDDDDDUD, 7
DDDDDDDU, 4
DDDDDDDD, 1
UUUUUUUUU, 1
UUUUUUUUD, 3
UUUUUUUDU, 7
UUUUUUUDD, 6
UUUUUUDUU, 8
UUUUUUDUD, 10
UUUUUUDDU, 14
UUUUUUDDD, 10
UUUUUDUUU, 7
UUUUUDUUD, 17
UUUUUDUDU, 26
UUUUUDUDD, 13
UUUUUDDUU, 17
UUUUUDDUD, 23
UUUUUDDDU, 25
UUUUUDDDD, 12
UUUUDUUUU, 11
UUUUDUUUD, 24
UUUUDUUDU, 35
UUUUDUUDD, 22
UUUUDUDUU, 21
UUUUDUDUD, 30
UUUUDUDDU, 27
UUUUDUDDD, 13
UUUUDDUUU, 16
UUUUDDUUD, 34
UUUUDDUDU, 45
UUUUDDUDD, 22
UUUUDDDUU, 30
UUUUDDDUD, 37
UUUUDDDDU, 29
UUUUDDDDD, 12
UUUDUUUUU, 14
UUUDUUUUD, 29
UUUDUUUDU, 47
UUUDUUUDD, 33
UUUDUUDUU, 37
UUUDUUDUD, 48
UUUDUUDDU, 41
UUUDUUDDD, 23
UUUDUDUUU, 27
UUUDUDUUD, 49
UUUDUDUDU, 56
UUUDUDUDD, 29
UUUDUDDUU, 33
UUUDUDDUD, 41
UUUDUDDDU, 35
UUUDUDDDD, 13
UUUDDUUUU, 22
UUUDDUUUD, 49
UUUDDUUDU, 75
UUUDDUUDD, 40
UUUDDUDUU, 48
UUUDDUDUD, 64
UUUDDUDDU, 59
UUUDDUDDD, 23
UUUDDDUUU, 34
UUUDDDUUD, 56
UUUDDDUDU, 71
UUUDDDUDD, 39
UUUDDDDUU, 38
UUUDDDDUD, 44
UUUDDDDDU, 31
UUUDDDDDD, 10
UUDUUUUUU, 15
UUDUUUUUD, 32
UUDUUUUDU, 51
UUDUUUUDD, 42
UUDUUUDUU, 47
UUDUUUDUD, 58
UUDUUUDDU, 56
UUDUUUDDD, 39
UUDUUDUUU, 49
UUDUUDUUD, 76
UUDUUDUDU, 79
UUDUUDUDD, 45
UUDUUDDUU, 52
UUDUUDDUD, 67
UUDUUDDDU, 50
UUDUUDDDD, 22
UUDUDUUUU, 47
UUDUDUUUD, 77
UUDUDUUDU, 94
UUDUDUUDD, 67
UUDUDUDUU, 65
UUDUDUDUD, 78
UUDUDUDDU, 64
UUDUDUDDD, 29
UUDUDDUUU, 41
UUDUDDUUD, 68
UUDUDDUDU, 74
UUDUDDUDD, 45
UUDUDDDUU, 49
UUDUDDDUD, 55
UUDUDDDDU, 33
UUDUDDDDD, 13
UUDDUUUUU, 24
UUDDUUUUD, 48
UUDDUUUDU, 78
UUDDUUUDD, 52
UUDDUUDUU, 62
UUDDUUDUD, 80
UUDDUUDDU, 70
UUDDUUDDD, 40
UUDDUDUUU, 55
UUDDUDUUD, 97
UUDDUDUDU, 117
UUDDUDUDD, 67
UUDDUDDUU, 73
UUDDUDDUD, 84
UUDDUDDDU, 59
UUDDUDDDD, 22
UUDDDUUUU, 36
UUDDDUUUD, 67
UUDDDUUDU, 97
UUDDDUUDD, 52
UUDDDUDUU, 59
UUDDDUDUD, 83
UUDDDUDDU, 84
UUDDDUDDD, 33
UUDDDDUUU, 36
UUDDDDUUD, 54
UUDDDDUDU, 64
UUDDDDUDD, 42
UUDDDDDUU, 35
UUDDDDDUD, 37
UUDDDDDDU, 22
UUDDDDDDD, 6
UDUUUUUUU, 10
UDUUUUUUD, 24
UDUUUUUDU, 45
UDUUUUUDD, 37
UDUUUUDUU, 43
UDUUUUDUD, 58
UDUUUUDDU, 68
UDUUUUDDD, 44
UDUUUDUUU, 44
UDUUUDUUD, 82
UDUUUDUDU, 96
UDUUUDUDD, 55
UDUUUDDUU, 69
UDUUUDDUD, 97
UDUUUDDDU, 80
UDUUUDDDD, 37
UDUUDUUUU, 55
UDUUDUUUD, 95
UDUUDUUDU, 116
UDUUDUUDD, 84
UDUUDUDUU, 88
UDUUDUDUD, 97
UDUUDUDDU, 78
UDUUDUDDD, 41
UDUUDDUUU, 58
UDUUDDUUD, 108
UDUUDDUDU, 121
UDUUDDUDD, 67
UDUUDDDUU, 77
UDUUDDDUD, 97
UDUUDDDDU, 61
UDUUDDDDD, 23
UDUDUUUUU, 45
UDUDUUUUD, 74
UDUDUUUDU, 94
UDUDUUUDD, 83
UDUDUUDUU, 82
UDUDUUDUD, 92
UDUDUUDDU, 97
UDUDUUDDD, 64
UDUDUDUUU, 98
UDUDUDUUD, 144
UDUDUDUDU, 134
UDUDUDUDD, 78
UDUDUDDUU, 92
UDUDUDDUD, 97
UDUDUDDDU, 75
UDUDUDDDD, 30
UDUDDUUUU, 60
UDUDDUUUD, 95
UDUDDUUDU, 109
UDUDDUUDD, 80
UDUDDUDUU, 78
UDUDDUDUD, 92
UDUDDUDDU, 98
UDUDDUDDD, 48
UDUDDDUUU, 63
UDUDDDUUD, 93
UDUDDDUDU, 95
UDUDDDUDD, 58
UDUDDDDUU, 56
UDUDDDDUD, 58
UDUDDDDDU, 32
UDUDDDDDD, 10
UDDUUUUUU, 20
UDDUUUUUD, 44
UDDUUUUDU, 78
UDDUUUUDD, 54
UDDUUUDUU, 65
UDDUUUDUD, 93
UDDUUUDDU, 90
UDDUUUDDD, 56
UDDUUDUUU, 63
UDDUUDUUD, 116
UDDUUDUDU, 144
UDDUUDUDD, 68
UDDUUDDUU, 78
UDDUUDDUD, 108
UDDUUDDDU, 90
UDDUUDDDD, 34
UDDUDUUUU, 57
UDDUDUUUD, 105
UDDUDUUDU, 160
UDDUDUUDD, 97
UDDUDUDUU, 111
UDDUDUDUD, 144
UDDUDUDDU, 134
UDDUDUDDD, 49
UDDUDDUUU, 72
UDDUDDUUD, 116
UDDUDDUDU, 132
UDDUDDUDD, 76
UDDUDDDUU, 79
UDDUDDDUD, 82
UDDUDDDDU, 49
UDDUDDDDD, 17
UDDDUUUUU, 31
UDDDUUUUD, 62
UDDDUUUDU, 102
UDDDUUUDD, 67
UDDDUUDUU, 74
UDDDUUDUD, 95
UDDDUUDDU, 87
UDDDUUDDD, 49
UDDDUDUUU, 60
UDDDUDUUD, 105
UDDDUDUDU, 138
UDDDUDUDD, 77
UDDDUDDUU, 83
UDDDUDDUD, 95
UDDDUDDDU, 67
UDDDUDDDD, 24
UDDDDUUUU, 33
UDDDDUUUD, 62
UDDDDUUDU, 90
UDDDDUUDD, 48
UDDDDUDUU, 50
UDDDDUDUD, 74
UDDDDUDDU, 77
UDDDDUDDD, 29
UDDDDDUUU, 30
UDDDDDUUD, 44
UDDDDDUDU, 54
UDDDDDUDD, 32
UDDDDDDUU, 23
UDDDDDDUD, 24
UDDDDDDDU, 12
UDDDDDDDD, 3
DUUUUUUUU, 5
DUUUUUUUD, 12
DUUUUUUDU, 25
DUUUUUUDD, 22
DUUUUUDUU, 22
DUUUUUDUD, 32
DUUUUUDDU, 45
DUUUUUDDD, 31
DUUUUDUUU, 25
DUUUUDUUD, 49
DUUUUDUDU, 61
DUUUUDUDD, 33
DUUUUDDUU, 44
DUUUUDDUD, 61
DUUUUDDDU, 58
DUUUUDDDD, 29
DUUUDUUUU, 35
DUUUDUUUD, 67
DUUUDUUDU, 86
DUUUDUUDD, 59
DUUUDUDUU, 63
DUUUDUDUD, 75
DUUUDUDDU, 64
DUUUDUDDD, 35
DUUUDDUUU, 45
DUUUDDUUD, 90
DUUUDDUDU, 103
DUUUDDUDD, 50
DUUUDDDUU, 64
DUUUDDDUD, 80
DUUUDDDDU, 58
DUUUDDDDD, 25
DUUDUUUUU, 40
DUUDUUUUD, 77
DUUDUUUDU, 105
DUUDUUUDD, 84
DUUDUUDUU, 83
DUUDUUDUD, 98
DUUDUUDDU, 97
DUUDUUDDD, 59
DUUDUDUUU, 83
DUUDUDUUD, 134
DUUDUDUDU, 123
DUUDUDUDD, 64
DUUDUDDUU, 69
DUUDUDDUD, 78
DUUDUDDDU, 64
DUUDUDDDD, 27
DUUDDUUUU, 48
DUUDDUUUD, 87
DUUDDUUDU, 116
DUUDDUUDD, 70
DUUDDUDUU, 77
DUUDDUDUD, 97
DUUDDUDDU, 97
DUUDDUDDD, 41
DUUDDDUUU, 55
DUUDDDUUD, 90
DUUDDDUDU, 104
DUUDDDUDD, 56
DUUDDDDUU, 61
DUUDDDDUD, 68
DUUDDDDDU, 45
DUUDDDDDD, 14
DUDUUUUUU, 28
DUDUUUUUD, 54
DUDUUUUDU, 82
DUDUUUUDD, 64
DUDUUUDUU, 72
DUDUUUDUD, 95
DUDUUUDDU, 104
DUDUUUDDD, 71
DUDUUDUUU, 83
DUDUUDUUD, 132
DUDUUDUDU, 139
DUDUUDUDD, 74
DUDUUDDUU, 87
DUDUUDDUD, 121
DUDUUDDDU, 103
DUDUUDDDD, 45
DUDUDUUUU, 85
DUDUDUUUD, 138
DUDUDUUDU, 167
DUDUDUUDD, 117
DUDUDUDUU, 123
DUDUDUDUD, 134
DUDUDUDDU, 123
DUDUDUDDD, 56
DUDUDDUUU, 94
DUDUDDUUD, 144
DUDUDDUDU, 139
DUDUDDUDD, 79
DUDUDDDUU, 90
DUDUDDDUD, 96
DUDUDDDDU, 61
DUDUDDDDD, 26
DUDDUUUUU, 49
DUDDUUUUD, 90
DUDDUUUDU, 124
DUDDUUUDD, 97
DUDDUUDUU, 95
DUDDUUDUD, 109
DUDDUUDDU, 116
DUDDUUDDD, 75
DUDDUDUUU, 97
DUDDUDUUD, 160
DUDDUDUDU, 167
DUDDUDUDD, 94
DUDDUDDUU, 107
DUDDUDDUD, 116
DUDDUDDDU, 86
DUDDUDDDD, 35
DUDDDUUUU, 62
DUDDDUUUD, 102
DUDDDUUDU, 124
DUDDDUUDD, 78
DUDDDUDUU, 78
DUDDDUDUD, 94
DUDDDUDDU, 105
DUDDDUDDD, 47
DUDDDDUUU, 53
DUDDDDUUD, 78
DUDDDDUDU, 82
DUDDDDUDD, 51
DUDDDDDUU, 44
DUDDDDDUD, 45
DUDDDDDDU, 25
DUDDDDDDD, 7
DDUUUUUUU, 9
DDUUUUUUD, 23
DDUUUUUDU, 44
DDUUUUUDD, 35
DDUUUUDUU, 41
DDUUUUDUD, 56
DDUUUUDDU, 61
DDUUUUDDD, 38
DDUUUDUUU, 44
DDUUUDUUD, 79
DDUUUDUDU, 90
DDUUUDUDD, 49
DDUUUDDUU, 57
DDUUUDDUD, 77
DDUUUDDDU, 64
DDUUUDDDD, 30
DDUUDUUUU, 46
DDUUDUUUD, 83
DDUUDUUDU, 107
DDUUDUUDD, 73
DDUUDUDUU, 83
DDUUDUDUD, 92
DDUUDUDDU, 69
DDUUDUDDD, 33
DDUUDDUUU, 47
DDUUDDUUD, 78
DDUUDDUDU, 87
DDUUDDUDD, 52
DDUUDDDUU, 57
DDUUDDDUD, 69
DDUUDDDDU, 44
DDUUDDDDD, 17
DDUDUUUUU, 30
DDUDUUUUD, 50
DDUDUUUDU, 78
DDUDUUUDD, 59
DDUDUUDUU, 65
DDUDUUDUD, 78
DDUDUUDDU, 77
DDUDUUDDD, 48
DDUDUDUUU, 70
DDUDUDUUD, 111
DDUDUDUDU, 123
DDUDUDUDD, 65
DDUDUDDUU, 83
DDUDUDDUD, 88
DDUDUDDDU, 63
DDUDUDDDD, 21
DDUDDUUUU, 44
DDUDDUUUD, 74
DDUDDUUDU, 95
DDUDDUUDD, 62
DDUDDUDUU, 65
DDUDDUDUD, 82
DDUDDUDDU, 83
DDUDDUDDD, 37
DDUDDDUUU, 48
DDUDDDUUD, 65
DDUDDDUDU, 72
DDUDDDUDD, 47
DDUDDDDUU, 41
DDUDDDDUD, 43
DDUDDDDDU, 22
DDUDDDDDD, 8
DDDUUUUUU, 13
DDDUUUUUD, 30
DDDUUUUDU, 53
DDDUUUUDD, 36
DDDUUUDUU, 48
DDDUUUDUD, 63
DDDUUUDDU, 55
DDDUUUDDD, 34
DDDUUDUUU, 42
DDDUUDUUD, 72
DDDUUDUDU, 94
DDDUUDUDD, 41
DDDUUDDUU, 47
DDDUUDDUD, 58
DDDUUDDDU, 45
DDDUUDDDD, 16
DDDUDUUUU, 31
DDDUDUUUD, 60
DDDUDUUDU, 97
DDDUDUUDD, 55
DDDUDUDUU, 70
DDDUDUDUD, 98
DDDUDUDDU, 83
DDDUDUDDD, 27
DDDUDDUUU, 42
DDDUDDUUD, 63
DDDUDDUDU, 83
DDDUDDUDD, 49
DDDUDDDUU, 44
DDDUDDDUD, 44
DDDUDDDDU, 25
DDDUDDDDD, 7
DDDDUUUUU, 15
DDDDUUUUD, 33
DDDDUUUDU, 62
DDDDUUUDD, 36
DDDDUUDUU, 44
DDDDUUDUD, 60
DDDDUUDDU, 48
DDDDUUDDD, 22
DDDDUDUUU, 31
DDDDUDUUD, 57
DDDDUDUDU, 85
DDDDUDUDD, 47
DDDDUDDUU, 46
DDDDUDDUD, 55
DDDDUDDDU, 35
DDDDUDDDD, 11
DDDDDUUUU, 15
DDDDDUUUD, 31
DDDDDUUDU, 49
DDDDDUUDD, 24
DDDDDUDUU, 30
DDDDDUDUD, 45
DDDDDUDDU, 40
DDDDDUDDD, 14
DDDDDDUUU, 13
DDDDDDUUD, 20
DDDDDDUDU, 28
DDDDDDUDD, 15
DDDDDDDUU, 9
DDDDDDDUD, 10
DDDDDDDDU, 5
DDDDDDDDD, 1
UUUUUUUUUU, 1
UUUUUUUUUD, 2
UUUUUUUUDU, 3
UUUUUUUUDD, 2
UUUUUUUDUU, 4
UUUUUUUDUD, 4
UUUUUUUDDU, 2
UUUUUUUDDD, 3
UUUUUUDUUU, 5
UUUUUUDUUD, 7
UUUUUUDUDU, 6
UUUUUUDUDD, 4
UUUUUUDDUU, 2
UUUUUUDDUD, 3
UUUUUUDDDU, 3
UUUUUUDDDD, 2
UUUUUDUUUU, 4
UUUUUDUUUD, 7
UUUUUDUUDU, 8
UUUUUDUUDD, 5
UUUUUDUDUU, 7
UUUUUDUDUD, 8
UUUUUDUDDU, 5
UUUUUDUDDD, 4
UUUUUDDUUU, 4
UUUUUDDUUD, 6
UUUUUDDUDU, 5
UUUUUDDUDD, 3
UUUUUDDDUU, 4
UUUUUDDDUD, 5
UUUUUDDDDU, 3
UUUUUDDDDD, 2
UUUUDUUUUU, 4
UUUUDUUUUD, 8
UUUUDUUUDU, 12
UUUUDUUUDD, 8
UUUUDUUDUU, 9
UUUUDUUDUD, 11
UUUUDUUDDU, 6
UUUUDUUDDD, 4
UUUUDUDUUU, 10
UUUUDUDUUD, 15
UUUUDUDUDU, 11
UUUUDUDUDD, 6
UUUUDUDDUU, 5
UUUUDUDDUD, 7
UUUUDUDDDU, 6
UUUUDUDDDD, 4
UUUUDDUUUU, 8
UUUUDDUUUD, 13
UUUUDDUUDU, 11
UUUUDDUUDD, 6
UUUUDDUDUU, 9
UUUUDDUDUD, 11
UUUUDDUDDU, 6
UUUUDDUDDD, 4
UUUUDDDUUU, 4
UUUUDDDUUD, 6
UUUUDDDUDU, 7
UUUUDDDUDD, 5
UUUUDDDDUU, 5
UUUUDDDDUD, 8
UUUUDDDDDU, 5
UUUUDDDDDD, 2
UUUDUUUUUU, 5
UUUDUUUUUD, 10
UUUDUUUUDU, 15
UUUDUUUUDD, 10
UUUDUUUDUU, 13
UUUDUUUDUD, 16
UUUDUUUDDU, 11
UUUDUUUDDD, 8
UUUDUUDUUU, 14
UUUDUUDUUD, 21
UUUDUUDUDU, 16
UUUDUUDUDD, 9
UUUDUUDDUU, 6
UUUDUUDDUD, 8
UUUDUUDDDU, 6
UUUDUUDDDD, 4
UUUDUDUUUU, 11
UUUDUDUUUD, 19
UUUDUDUUDU, 17
UUUDUDUUDD, 9
UUUDUDUDUU, 13
UUUDUDUDUD, 16
UUUDUDUDDU, 9
UUUDUDUDDD, 6
UUUDUDDUUU, 6
UUUDUDDUUD, 8
UUUDUDDUDU, 9
UUUDUDDUDD, 7
UUUDUDDDUU, 6
UUUDUDDDUD, 10
UUUDUDDDDU, 8
UUUDUDDDDD, 4
UUUDDUUUUU, 8
UUUDDUUUUD, 15
UUUDDUUUDU, 14
UUUDDUUUDD, 7
UUUDDUUDUU, 13
UUUDDUUDUD, 14
UUUDDUUDDU, 7
UUUDDUUDDD, 6
UUUDDUDUUU, 10
UUUDDUDUUD, 12
UUUDDUDUDU, 12
UUUDDUDUDD, 10
UUUDDUDDUU, 5
UUUDDUDDUD, 9
UUUDDUDDDU, 8
UUUDDUDDDD, 4
UUUDDDUUUU, 4
UUUDDDUUUD, 6
UUUDDDUUDU, 7
UUUDDDUUDD, 5
UUUDDDUDUU, 9
UUUDDDUDUD, 12
UUUDDDUDDU, 11
UUUDDDUDDD, 8
UUUDDDDUUU, 5
UUUDDDDUUD, 8
UUUDDDDUDU, 14
UUUDDDDUDD, 11
UUUDDDDDUU, 8
UUUDDDDDUD, 14
UUUDDDDDDU, 9
UUUDDDDDDD, 3
UUDUUUUUUU, 6
UUDUUUUUUD, 12
UUDUUUUUDU, 16
UUDUUUUUDD, 10
UUDUUUUDUU, 16
UUDUUUUDUD, 18
UUDUUUUDDU, 13
UUDUUUUDDD, 11
UUDUUUDUUU, 16
UUDUUUDUUD, 23
UUDUUUDUDU, 20
UUDUUUDUDD, 13
UUDUUUDDUU, 7
UUDUUUDDUD, 10
UUDUUUDDDU, 8
UUDUUUDDDD, 5
UUDUUDUUUU, 12
UUDUUDUUUD, 21
UUDUUDUUDU, 22
UUDUUDUUDD, 13
UUDUUDUDUU, 17
UUDUUDUDUD, 19
UUDUUDUDDU, 9
UUDUUDUDDD, 7
UUDUUDDUUU, 10
UUDUUDDUUD, 15
UUDUUDDUDU, 9
UUDUUDDUDD, 4
UUDUUDDDUU, 5
UUDUUDDDUD, 7
UUDUUDDDDU, 5
UUDUUDDDDD, 3
UUDUDUUUUU, 13
UUDUDUUUUD, 25
UUDUDUUUDU, 29
UUDUDUUUDD, 17
UUDUDUUDUU, 23
UUDUDUUDUD, 27
UUDUDUUDDU, 14
UUDUDUUDDD, 10
UUDUDUDUUU, 19
UUDUDUDUUD, 27
UUDUDUDUDU, 22
UUDUDUDUDD, 14
UUDUDUDDUU, 9
UUDUDUDDUD, 14
UUDUDUDDDU, 11
UUDUDUDDDD, 6
UUDUDDUUUU, 9
UUDUDDUUUD, 14
UUDUDDUUDU, 13
UUDUDDUUDD, 8
UUDUDDUDUU, 13
UUDUDDUDUD, 18
UUDUDDUDDU, 14
UUDUDDUDDD, 9
UUDUDDDUUU, 6
UUDUDDDUUD, 9
UUDUDDDUDU, 16
UUDUDDDUDD, 13
UUDUDDDDUU, 10
UUDUDDDDUD, 17
UUDUDDDDDU, 11
UUDUDDDDDD, 4
UUDDUUUUUU, 8
UUDDUUUUUD, 16
UUDDUUUUDU, 19
UUDDUUUUDD, 11
UUDDUUUDUU, 15
UUDDUUUDUD, 17
UUDDUUUDDU, 7
UUDDUUUDDD, 5
UUDDUUDUUU, 13
UUDDUUDUUD, 18
UUDDUUDUDU, 13
UUDDUUDUDD, 8
UUDDUUDDUU, 5
UUDDUUDDUD, 7
UUDDUUDDDU, 7
UUDDUUDDDD, 6
UUDDUDUUUU, 12
UUDDUDUUUD, 19
UUDDUDUUDU, 17
UUDDUDUUDD, 10
UUDDUDUDUU, 14
UUDDUDUDUD, 18
UUDDUDUDDU, 13
UUDDUDUDDD, 9
UUDDUDDUUU, 5
UUDDUDDUUD, 7
UUDDUDDUDU, 15
UUDDUDDUDD, 13
UUDDUDDDUU, 10
UUDDUDDDUD, 17
UUDDUDDDDU, 12
UUDDUDDDDD, 5
UUDDDUUUUU, 7
UUDDDUUUUD, 12
UUDDDUUUDU, 11
UUDDDUUUDD, 6
UUDDDUUDUU, 9
UUDDDUUDUD, 12
UUDDDUUDDU, 10
UUDDDUUDDD, 7
UUDDDUDUUU, 11
UUDDDUDUUD, 14
UUDDDUDUDU, 20
UUDDDUDUDD, 17
UUDDDUDDUU, 12
UUDDDUDDUD, 20
UUDDDUDDDU, 16
UUDDDUDDDD, 8
UUDDDDUUUU, 8
UUDDDDUUUD, 11
UUDDDDUUDU, 14
UUDDDDUUDD, 11
UUDDDDUDUU, 15
UUDDDDUDUD, 19
UUDDDDUDDU, 14
UUDDDDUDDD, 10
UUDDDDDUUU, 7
UUDDDDDUUD, 12
UUDDDDDUDU, 15
UUDDDDDUDD, 10
UUDDDDDDUU, 7
UUDDDDDDUD, 11
UUDDDDDDDU, 6
UUDDDDDDDD, 2
UDUUUUUUUU, 6
UDUUUUUUUD, 12
UDUUUUUUDU, 17
UDUUUUUUDD, 11
UDUUUUUDUU, 21
UDUUUUUDUD, 22
UDUUUUUDDU, 14
UDUUUUUDDD, 14
UDUUUUDUUU, 20
UDUUUUDUUD, 28
UDUUUUDUDU, 25
UDUUUUDUDD, 17
UDUUUUDDUU, 7
UDUUUUDDUD, 10
UDUUUUDDDU, 11
UDUUUUDDDD, 8
UDUUUDUUUU, 15
UDUUUDUUUD, 28
UDUUUDUUDU, 30
UDUUUDUUDD, 17
UDUUUDUDUU, 23
UDUUUDUDUD, 25
UDUUUDUDDU, 12
UDUUUDUDDD, 10
UDUUUDDUUU, 12
UDUUUDDUUD, 17
UDUUUDDUDU, 12
UDUUUDDUDD, 7
UDUUUDDDUU, 6
UDUUUDDDUD, 8
UDUUUDDDDU, 7
UDUUUDDDDD, 5
UDUUDUUUUU, 13
UDUUDUUUUD, 26
UDUUDUUUDU, 33
UDUUDUUUDD, 20
UDUUDUUDUU, 26
UDUUDUUDUD, 28
UDUUDUUDDU, 11
UDUUDUUDDD, 9
UDUUDUDUUU, 22
UDUUDUDUUD, 32
UDUUDUDUDU, 24
UDUUDUDUDD, 14
UDUUDUDDUU, 8
UDUUDUDDUD, 12
UDUUDUDDDU, 11
UDUUDUDDDD, 7
UDUUDDUUUU, 11
UDUUDDUUUD, 17
UDUUDDUUDU, 13
UDUUDDUUDD, 7
UDUUDDUDUU, 13
UDUUDDUDUD, 16
UDUUDDUDDU, 11
UDUUDDUDDD, 8
UDUUDDDUUU, 4
UDUUDDDUUD, 4
UDUUDDDUDU, 10
UDUUDDDUDD, 10
UDUUDDDDUU, 5
UDUUDDDDUD, 10
UDUUDDDDDU, 8
UDUUDDDDDD, 3
UDUDUUUUUU, 13
UDUDUUUUUD, 26
UDUDUUUUDU, 32
UDUDUUUUDD, 19
UDUDUUUDUU, 27
UDUDUUUDUD, 30
UDUDUUUDDU, 15
UDUDUUUDDD, 12
UDUDUUDUUU, 25
UDUDUUDUUD, 35
UDUDUUDUDU, 28
UDUDUUDUDD, 18
UDUDUUDDUU, 11
UDUDUUDDUD, 16
UDUDUUDDDU, 15
UDUDUUDDDD, 11
UDUDUDUUUU, 21
UDUDUDUUUD, 34
UDUDUDUUDU, 31
UDUDUDUUDD, 18
UDUDUDUDUU, 26
UDUDUDUDUD, 32
UDUDUDUDDU, 22
UDUDUDUDDD, 16
UDUDUDDUUU, 11
UDUDUDDUUD, 15
UDUDUDDUDU, 23
UDUDUDDUDD, 19
UDUDUDDDUU, 15
UDUDUDDDUD, 25
UDUDUDDDDU, 18
UDUDUDDDDD, 8
UDUDDUUUUU, 14
UDUDDUUUUD, 25
UDUDDUUUDU, 23
UDUDDUUUDD, 12
UDUDDUUDUU, 21
UDUDDUUDUD, 26
UDUDDUUDDU, 19
UDUDDUUDDD, 14
UDUDDUDUUU, 21
UDUDDUDUUD, 26
UDUDDUDUDU, 32
UDUDDUDUDD, 27
UDUDDUDDUU, 17
UDUDDUDDUD, 28
UDUDDUDDDU, 22
UDUDDUDDDD, 11
UDUDDDUUUU, 12
UDUDDDUUUD, 17
UDUDDDUUDU, 22
UDUDDDUUDD, 17
UDUDDDUDUU, 23
UDUDDDUDUD, 30
UDUDDDUDDU, 23
UDUDDDUDDD, 16
UDUDDDDUUU, 11
UDUDDDDUUD, 19
UDUDDDDUDU, 26
UDUDDDDUDD, 18
UDUDDDDDUU, 14
UDUDDDDDUD, 22
UDUDDDDDDU, 12
UDUDDDDDDD, 4
UDDUUUUUUU, 7
UDDUUUUUUD, 14
UDDUUUUUDU, 19
UDDUUUUUDD, 12
UDDUUUUDUU, 18
UDDUUUUDUD, 19
UDDUUUUDDU, 9
UDDUUUUDDD, 8
UDDUUUDUUU, 14
UDDUUUDUUD, 20
UDDUUUDUDU, 15
UDDUUUDUDD, 9
UDDUUUDDUU, 3
UDDUUUDDUD, 4
UDDUUUDDDU, 5
UDDUUUDDDD, 6
UDDUUDUUUU, 9
UDDUUDUUUD, 16
UDDUUDUUDU, 14
UDDUUDUUDD, 7
UDDUUDUDUU, 13
UDDUUDUDUD, 15
UDDUUDUDDU, 10
UDDUUDUDDD, 8
UDDUUDDUUU, 8
UDDUUDDUUD, 10
UDDUUDDUDU, 17
UDDUUDDUDD, 15
UDDUUDDDUU, 10
UDDUUDDDUD, 17
UDDUUDDDDU, 13
UDDUUDDDDD, 6
UDDUDUUUUU, 16
UDDUDUUUUD, 29
UDDUDUUUDU, 27
UDDUDUUUDD, 14
UDDUDUUDUU, 20
UDDUDUUDUD, 26
UDDUDUUDDU, 18
UDDUDUUDDD, 12
UDDUDUDUUU, 20
UDDUDUDUUD, 24
UDDUDUDUDU, 31
UDDUDUDUDD, 27
UDDUDUDDUU, 20
UDDUDUDDUD, 32
UDDUDUDDDU, 27
UDDUDUDDDD, 15
UDDUDDUUUU, 15
UDDUDDUUUD, 21
UDDUDDUUDU, 24
UDDUDDUUDD, 18
UDDUDDUDUU, 27
UDDUDDUDUD, 35
UDDUDDUDDU, 29
UDDUDDUDDD, 21
UDDUDDDUUU, 13
UDDUDDDUUD, 20
UDDUDDDUDU, 30
UDDUDDDUDD, 23
UDDUDDDDUU, 17
UDDUDDDDUD, 28
UDDUDDDDDU, 18
UDDUDDDDDD, 7
UDDDUUUUUU, 8
UDDDUUUUUD, 16
UDDDUUUUDU, 19
UDDDUUUUDD, 11
UDDDUUUDUU, 15
UDDDUUUDUD, 17
UDDDUUUDDU, 8
UDDDUUUDDD, 6
UDDDUUDUUU, 16
UDDDUUDUUD, 21
UDDDUUDUDU, 19
UDDDUUDUDD, 14
UDDDUUDDUU, 10
UDDDUUDDUD, 17
UDDDUUDDDU, 20
UDDDUUDDDD, 13
UDDDUDUUUU, 18
UDDDUDUUUD, 26
UDDDUDUUDU, 27
UDDDUDUUDD, 19
UDDDUDUDUU, 25
UDDDUDUDUD, 34
UDDDUDUDDU, 28
UDDDUDUDDD, 19
UDDDUDDUUU, 10
UDDDUDDUUD, 16
UDDDUDDUDU, 27
UDDDUDDUDD, 21
UDDDUDDDUU, 17
UDDDUDDDUD, 28
UDDDUDDDDU, 18
UDDDUDDDDD, 7
UDDDDUUUUU, 11
UDDDDUUUUD, 20
UDDDDUUUDU, 21
UDDDDUUUDD, 12
UDDDDUUDUU, 19
UDDDDUUDUD, 25
UDDDDUUDDU, 21
UDDDDUUDDD, 15
UDDDDUDUUU, 20
UDDDDUDUUD, 29
UDDDDUDUDU, 34
UDDDDUDUDD, 25
UDDDDUDDUU, 16
UDDDDUDDUD, 26
UDDDDUDDDU, 18
UDDDDUDDDD, 8
UDDDDDUUUU, 10
UDDDDDUUUD, 16
UDDDDDUUDU, 22
UDDDDDUUDD, 16
UDDDDDUDUU, 20
UDDDDDUDUD, 26
UDDDDDUDDU, 16
UDDDDDUDDD, 10
UDDDDDDUUU, 8
UDDDDDDUUD, 14
UDDDDDDUDU, 18
UDDDDDDUDD, 12
UDDDDDDDUU, 8
UDDDDDDDUD, 12
UDDDDDDDDU, 6
UDDDDDDDDD, 2
DUUUUUUUUU, 3
DUUUUUUUUD, 6
DUUUUUUUDU, 9
DUUUUUUUDD, 6
DUUUUUUDUU, 12
DUUUUUUDUD, 12
DUUUUUUDDU, 7
DUUUUUUDDD, 9
DUUUUUDUUU, 13
DUUUUUDUUD, 18
DUUUUUDUDU, 16
DUUUUUDUDD, 11
DUUUUUDDUU, 5
DUUUUUDDUD, 8
DUUUUUDDDU, 8
DUUUUUDDDD, 5
DUUUUDUUUU, 10
DUUUUDUUUD, 18
DUUUUDUUDU, 20
DUUUUDUUDD, 12
DUUUUDUDUU, 16
DUUUUDUDUD, 18
DUUUUDUDDU, 10
DUUUUDUDDD, 8
DUUUUDDUUU, 9
DUUUUDDUUD, 13
DUUUUDDUDU, 9
DUUUUDDUDD, 5
DUUUUDDDUU, 6
DUUUUDDDUD, 7
DUUUUDDDDU, 4
DUUUUDDDDD, 3
DUUUDUUUUU, 9
DUUUDUUUUD, 18
DUUUDUUUDU, 25
DUUUDUUUDD, 16
DUUUDUUDUU, 20
DUUUDUUDUD, 22
DUUUDUUDDU, 10
DUUUDUUDDD, 8
DUUUDUDUUU, 18
DUUUDUDUUD, 27
DUUUDUDUDU, 20
DUUUDUDUDD, 11
DUUUDUDDUU, 7
DUUUDUDDUD, 11
DUUUDUDDDU, 10
DUUUDUDDDD, 6
DUUUDDUUUU, 12
DUUUDDUUUD, 20
DUUUDDUUDU, 15
DUUUDDUUDD, 7
DUUUDDUDUU, 12
DUUUDDUDUD, 15
DUUUDDUDDU, 9
DUUUDDUDDD, 6
DUUUDDDUUU, 4
DUUUDDDUUD, 5
DUUUDDDUDU, 9
DUUUDDDUDD, 8
DUUUDDDDUU, 6
DUUUDDDDUD, 11
DUUUDDDDDU, 8
DUUUDDDDDD, 3
DUUDUUUUUU, 8
DUUDUUUUUD, 16
DUUDUUUUDU, 22
DUUDUUUUDD, 14
DUUDUUUDUU, 20
DUUDUUUDUD, 23
DUUDUUUDDU, 14
DUUDUUUDDD, 11
DUUDUUDUUU, 20
DUUDUUDUUD, 29
DUUDUUDUDU, 23
DUUDUUDUDD, 14
DUUDUUDDUU, 8
DUUDUUDDUD, 11
DUUDUUDDDU, 9
DUUDUUDDDD, 6
DUUDUDUUUU, 16
DUUDUDUUUD, 28
DUUDUDUUDU, 25
DUUDUDUUDD, 13
DUUDUDUDUU, 19
DUUDUDUDUD, 22
DUUDUDUDDU, 12
DUUDUDUDDD, 9
DUUDUDDUUU, 8
DUUDUDDUUD, 10
DUUDUDDUDU, 11
DUUDUDDUDD, 9
DUUDUDDDUU, 7
DUUDUDDDUD, 12
DUUDUDDDDU, 10
DUUDUDDDDD, 5
DUUDDUUUUU, 11
DUUDDUUUUD, 21
DUUDDUUUDU, 20
DUUDDUUUDD, 10
DUUDDUUDUU, 18
DUUDDUUDUD, 19
DUUDDUUDDU, 8
DUUDDUUDDD, 7
DUUDDUDUUU, 15
DUUDDUDUUD, 18
DUUDDUDUDU, 17
DUUDDUDUDD, 14
DUUDDUDDUU, 7
DUUDDUDDUD, 11
DUUDDUDDDU, 10
DUUDDUDDDD, 6
DUUDDDUUUU, 6
DUUDDDUUUD, 8
DUUDDDUUDU, 9
DUUDDDUUDD, 7
DUUDDDUDUU, 12
DUUDDDUDUD, 15
DUUDDDUDDU, 14
DUUDDDUDDD, 11
DUUDDDDUUU, 6
DUUDDDDUUD, 9
DUUDDDDUDU, 16
DUUDDDDUDD, 13
DUUDDDDDUU, 9
DUUDDDDDUD, 14
DUUDDDDDDU, 7
DUUDDDDDDD, 2
DUDUUUUUUU, 9
DUDUUUUUUD, 18
DUDUUUUUDU, 24
DUDUUUUUDD, 15
DUDUUUUDUU, 24
DUDUUUUDUD, 26
DUDUUUUDDU, 16
DUDUUUUDDD, 14
DUDUUUDUUU, 21
DUDUUUDUUD, 30
DUDUUUDUDU, 25
DUDUUUDUDD, 16
DUDUUUDDUU, 7
DUDUUUDDUD, 10
DUDUUUDDDU, 9
DUDUUUDDDD, 7
DUDUUDUUUU, 15
DUDUUDUUUD, 27
DUDUUDUUDU, 27
DUDUUDUUDD, 15
DUDUUDUDUU, 21
DUDUUDUDUD, 23
DUDUUDUDDU, 11
DUDUUDUDDD, 9
DUDUUDDUUU, 12
DUDUUDDUUD, 17
DUDUUDDUDU, 14
DUDUUDDUDD, 9
DUDUUDDDUU, 8
DUDUUDDDUD, 12
DUDUUDDDDU, 9
DUDUUDDDDD, 5
DUDUDUUUUU, 18
DUDUDUUUUD, 34
DUDUDUUUDU, 36
DUDUDUUUDD, 20
DUDUDUUDUU, 27
DUDUDUUDUD, 32
DUDUDUUDDU, 17
DUDUDUUDDD, 12
DUDUDUDUUU, 23
DUDUDUDUUD, 31
DUDUDUDUDU, 30
DUDUDUDUDD, 22
DUDUDUDDUU, 15
DUDUDUDDUD, 24
DUDUDUDDDU, 20
DUDUDUDDDD, 11
DUDUDDUUUU, 13
DUDUDDUUUD, 19
DUDUDDUUDU, 19
DUDUDDUUDD, 13
DUDUDDUDUU, 21
DUDUDDUDUD, 28
DUDUDDUDDU, 23
DUDUDDUDDD, 16
DUDUDDDUUU, 10
DUDUDDDUUD, 15
DUDUDDDUDU, 25
DUDUDDDUDD, 20
DUDUDDDDUU, 15
DUDUDDDDUD, 25
DUDUDDDDDU, 16
DUDUDDDDDD, 6
DUDDUUUUUU, 11
DUDDUUUUUD, 22
DUDDUUUUDU, 25
DUDDUUUUDD, 14
DUDDUUUDUU, 20
DUDDUUUDUD, 22
DUDDUUUDDU, 9
DUDDUUUDDD, 7
DUDDUUDUUU, 18
DUDDUUDUUD, 24
DUDDUUDUDU, 19
DUDDUUDUDD, 13
DUDDUUDDUU, 8
DUDDUUDDUD, 13
DUDDUUDDDU, 15
DUDDUUDDDD, 11
DUDDUDUUUU, 18
DUDDUDUUUD, 27
DUDDUDUUDU, 26
DUDDUDUUDD, 17
DUDDUDUDUU, 23
DUDDUDUDUD, 31
DUDDUDUDDU, 25
DUDDUDUDDD, 17
DUDDUDDUUU, 9
DUDDUDDUUD, 14
DUDDUDDUDU, 27
DUDDUDDUDD, 22
DUDDUDDDUU, 18
DUDDUDDDUD, 30
DUDDUDDDDU, 20
DUDDUDDDDD, 8
DUDDDUUUUU, 12
DUDDDUUUUD, 21
DUDDDUUUDU, 20
DUDDDUUUDD, 11
DUDDDUUDUU, 17
DUDDDUUDUD, 23
DUDDDUUDDU, 20
DUDDDUUDDD, 14
DUDDDUDUUU, 20
DUDDDUDUUD, 27
DUDDDUDUDU, 36
DUDDDUDUDD, 29
DUDDDUDDUU, 20
DUDDDUDDUD, 33
DUDDDUDDDU, 25
DUDDDUDDDD, 12
DUDDDDUUUU, 13
DUDDDDUUUD, 19
DUDDDDUUDU, 25
DUDDDDUUDD, 19
DUDDDDUDUU, 25
DUDDDDUDUD, 32
DUDDDDUDDU, 22
DUDDDDUDDD, 15
DUDDDDDUUU, 11
DUDDDDDUUD, 19
DUDDDDDUDU, 24
DUDDDDDUDD, 16
DUDDDDDDUU, 11
DUDDDDDDUD, 17
DUDDDDDDDU, 9
DUDDDDDDDD, 3
DDUUUUUUUU, 4
DDUUUUUUUD, 8
DDUUUUUUDU, 11
DDUUUUUUDD, 7
DDUUUUUDUU, 13
DDUUUUUDUD, 14
DDUUUUUDDU, 9
DDUUUUUDDD, 8
DDUUUUDUUU, 12
DDUUUUDUUD, 17
DDUUUUDUDU, 15
DDUUUUDUDD, 10
DDUUUUDDUU, 4
DDUUUUDDUD, 5
DDUUUUDDDU, 6
DDUUUUDDDD, 5
DDUUUDUUUU, 9
DDUUUDUUUD, 17
DDUUUDUUDU, 18
DDUUUDUUDD, 10
DDUUUDUDUU, 14
DDUUUDUDUD, 15
DDUUUDUDDU, 7
DDUUUDUDDD, 6
DDUUUDDUUU, 7
DDUUUDDUUD, 10
DDUUUDDUDU, 8
DDUUUDDUDD, 5
DDUUUDDDUU, 4
DDUUUDDDUD, 6
DDUUUDDDDU, 6
DDUUUDDDDD, 4
DDUUDUUUUU, 8
DDUUDUUUUD, 16
DDUUDUUUDU, 20
DDUUDUUUDD, 12
DDUUDUUDUU, 15
DDUUDUUDUD, 17
DDUUDUUDDU, 7
DDUUDUUDDD, 5
DDUUDUDUUU, 14
DDUUDUDUUD, 20
DDUUDUDUDU, 15
DDUUDUDUDD, 9
DDUUDUDDUU, 6
DDUUDUDDUD, 8
DDUUDUDDDU, 7
DDUUDUDDDD, 5
DDUUDDUUUU, 7
DDUUDDUUUD, 10
DDUUDDUUDU, 8
DDUUDDUUDD, 5
DDUUDDUDUU, 9
DDUUDDUDUD, 11
DDUUDDUDDU, 8
DDUUDDUDDD, 6
DDUUDDDUUU, 3
DDUUDDDUUD, 3
DDUUDDDUDU, 7
DDUUDDDUDD, 7
DDUUDDDDUU, 4
DDUUDDDDUD, 7
DDUUDDDDDU, 5
DDUUDDDDDD, 2
DDUDUUUUUU, 10
DDUDUUUUUD, 20
DDUDUUUUDU, 25
DDUDUUUUDD, 15
DDUDUUUDUU, 20
DDUDUUUDUD, 23
DDUDUUUDDU, 12
DDUDUUUDDD, 9
DDUDUUDUUU, 19
DDUDUUDUUD, 27
DDUDUUDUDU, 21
DDUDUUDUDD, 13
DDUDUUDDUU, 9
DDUDUUDDUD, 13
DDUDUUDDDU, 12
DDUDUUDDDD, 9
DDUDUDUUUU, 16
DDUDUDUUUD, 25
DDUDUDUUDU, 23
DDUDUDUUDD, 14
DDUDUDUDUU, 20
DDUDUDUDUD, 26
DDUDUDUDDU, 19
DDUDUDUDDD, 13
DDUDUDDUUU, 9
DDUDUDDUUD, 13
DDUDUDDUDU, 21
DDUDUDDUDD, 17
DDUDUDDDUU, 14
DDUDUDDDUD, 23
DDUDUDDDDU, 16
DDUDUDDDDD, 7
DDUDDUUUUU, 11
DDUDDUUUUD, 19
DDUDDUUUDU, 17
DDUDDUUUDD, 9
DDUDDUUDUU, 16
DDUDDUUDUD, 21
DDUDDUUDDU, 18
DDUDDUUDDD, 13
DDUDDUDUUU, 16
DDUDDUDUUD, 20
DDUDDUDUDU, 27
DDUDDUDUDD, 23
DDUDDUDDUU, 15
DDUDDUDDUD, 26
DDUDDUDDDU, 20
DDUDDUDDDD, 9
DDUDDDUUUU, 10
DDUDDDUUUD, 15
DDUDDDUUDU, 20
DDUDDDUUDD, 15
DDUDDDUDUU, 20
DDUDDDUDUD, 27
DDUDDDUDDU, 20
DDUDDDUDDD, 13
DDUDDDDUUU, 10
DDUDDDDUUD, 18
DDUDDDDUDU, 24
DDUDDDDUDD, 16
DDUDDDDDUU, 13
DDUDDDDDUD, 21
DDUDDDDDDU, 12
DDUDDDDDDD, 4
DDDUUUUUUU, 4
DDDUUUUUUD, 8
DDDUUUUUDU, 11
DDDUUUUUDD, 7
DDDUUUUDUU, 10
DDDUUUUDUD, 11
DDDUUUUDDU, 6
DDDUUUUDDD, 5
DDDUUUDUUU, 9
DDDUUUDUUD, 13
DDDUUUDUDU, 10
DDDUUUDUDD, 6
DDDUUUDDUU, 3
DDDUUUDDUD, 4
DDDUUUDDDU, 4
DDDUUUDDDD, 4
DDDUUDUUUU, 6
DDDUUDUUUD, 10
DDDUUDUUDU, 9
DDDUUDUUDD, 5
DDDUUDUDUU, 9
DDDUUDUDUD, 11
DDDUUDUDDU, 8
DDDUUDUDDD, 6
DDDUUDDUUU, 6
DDDUUDDUUD, 8
DDDUUDDUDU, 12
DDDUUDDUDD, 10
DDDUUDDDUU, 7
DDDUUDDDUD, 12
DDDUUDDDDU, 9
DDDUUDDDDD, 4
DDDUDUUUUU, 11
DDDUDUUUUD, 20
DDDUDUUUDU, 20
DDDUDUUUDD, 11
DDDUDUUDUU, 16
DDDUDUUDUD, 21
DDDUDUUDDU, 15
DDDUDUUDDD, 10
DDDUDUDUUU, 16
DDDUDUDUUD, 20
DDDUDUDUDU, 23
DDDUDUDUDD, 19
DDDUDUDDUU, 14
DDDUDUDDUD, 22
DDDUDUDDDU, 18
DDDUDUDDDD, 10
DDDUDDUUUU, 11
DDDUDDUUUD, 16
DDDUDDUUDU, 18
DDDUDDUUDD, 13
DDDUDDUDUU, 19
DDDUDDUDUD, 25
DDDUDDUDDU, 20
DDDUDDUDDD, 14
DDDUDDDUUU, 9
DDDUDDDUUD, 14
DDDUDDDUDU, 21
DDDUDDDUDD, 16
DDDUDDDDUU, 12
DDDUDDDDUD, 20
DDDUDDDDDU, 13
DDDUDDDDDD, 5
DDDDUUUUUU, 5
DDDDUUUUUD, 10
DDDDUUUUDU, 13
DDDDUUUUDD, 8
DDDDUUUDUU, 10
DDDDUUUDUD, 12
DDDDUUUDDU, 6
DDDDUUUDDD, 4
DDDDUUDUUU, 11
DDDDUUDUUD, 15
DDDDUUDUDU, 13
DDDDUUDUDD, 9
DDDDUUDDUU, 7
DDDDUUDDUD, 11
DDDDUUDDDU, 12
DDDDUUDDDD, 8
DDDDUDUUUU, 12
DDDDUDUUUD, 18
DDDDUDUUDU, 18
DDDDUDUUDD, 12
DDDDUDUDUU, 16
DDDDUDUDUD, 21
DDDDUDUDDU, 16
DDDDUDUDDD, 11
DDDDUDDUUU, 6
DDDDUDDUUD, 9
DDDDUDDUDU, 15
DDDDUDDUDD, 12
DDDDUDDDUU, 9
DDDDUDDDUD, 15
DDDDUDDDDU, 10
DDDDUDDDDD, 4
DDDDDUUUUU, 6
DDDDDUUUUD, 11
DDDDDUUUDU, 12
DDDDDUUUDD, 7
DDDDDUUDUU, 11
DDDDDUUDUD, 14
DDDDDUUDDU, 11
DDDDDUUDDD, 8
DDDDDUDUUU, 11
DDDDDUDUUD, 16
DDDDDUDUDU, 18
DDDDDUDUDD, 13
DDDDDUDDUU, 8
DDDDDUDDUD, 13
DDDDDUDDDU, 9
DDDDDUDDDD, 4
DDDDDDUUUU, 5
DDDDDDUUUD, 8
DDDDDDUUDU, 11
DDDDDDUUDD, 8
DDDDDDUDUU, 10
DDDDDDUDUD, 13
DDDDDDUDDU, 8
DDDDDDUDDD, 5
DDDDDDDUUU, 4
DDDDDDDUUD, 7
DDDDDDDUDU, 9
DDDDDDDUDD, 6
DDDDDDDDUU, 4
DDDDDDDDUD, 6
DDDDDDDDDU, 3
DDDDDDDDDD, 1
