DUUUDDDDUUUUDU, 394
DUUUUUUUUDUUUD, 63
UUUUUUUUUDUUUU, 5
DUDDDUUUDUDDUD, 471
UUUUDDUUDUDUUD, 158
DUUDDUDUDUUDDD, 103
DUUDDDUDDDDDDU, 45
DDDDUUDDUDDUUD, 419
DDUDUUUDUDDDUD, 229
UUDUDDUDUDDDUD, 284
UUDUDUUDDDDDUU, 127
UUDUDDUUUUDUDU, 904
DUUUUDUUDDUDUU, 355
UDDUUDUDDUDUUD, 776
DDDDUUDDUUUUUU, 203
UUDUUDDUUDDUDU, 1080
UDDDDDDUUUDUDD, 253
DDDUDDDDDDDUDD, 23
DUDUUDDUUUDDDD, 49
DDUUDDDDUDUDDU, 179
DDDUUUUUDUDDDD, 69
UUUDDUDUUUDUDD, 149
UUDDDDUDDDDUUD, 298
UUDDDDDDDDDUDD, 22
UDDUUDDUDUDDDD, 180
UUDUUDUDDDUDUD, 354
UDUUDUUUUDUDDD, 259
DDDUUDDDUDDDUU, 179
UDDUDDDUDUDUUD, 474
UDDDDDDDUUUUUU, 176
UDDUDDDUDDDUDU, 153
DUDUDUDUDUUDDD, 606
UUDUDUUUDUDDDU, 156
DUDUUDDDUDUDUD, 2699
UUDDDDDUUDUDUD, 275
DUDDUDUUUUUDDU, 1642
DDUDUDUDDDDUUU, 207
UUUDDUDUDDDUUU, 234
UDDDDDDUDUUUDD, 350
UUUUUUUDDDUDDU, 25
DDDUUDUDDUUUUD, 495
UUUDDUDDDUUDDU, 529
UDDDDUUUDUDDDU, 170
UDDDDDUDUUUDDU, 288
DUUUUDDUDDUDDU, 255
UUUDUDUDDDDDDU, 135
UUDUUDDUDDUDUD, 227
UUDUUUDUUUDDDD, 162
UUDUDDDDDUDUDD, 97
UDDDUUDDUUUUDU, 846
DUUUDDDUDDDUUD, 175
DDUUDDUDUDUDUU, 212
DDDDUDDDUUDUUU, 571
UDUDUDUUUUDUDU, 1217
UDUUDDDDUDDDDU, 109
UUDDUUDUUDDUDU, 344
DDDUDDUDUUDUDU, 1189
DDDUUUDDUUUUUU, 139
UDDDUDDUUDDDDU, 247
DUDUUDDDDDDDUD, 48
UUDDDDUDDUDDDU, 145
UUDDUDDUDUUUDU, 1056
UDDDDUDUUUDDUU, 229
UUDUUDDUUUDDDU, 93
UDUUUDDDDUDUUD, 490
DDUUUUUDUUUUDU, 144
UDDDUUDUDDUUUU, 204
UDUUDUDDDDUUUU, 238
UUUUDUDDUUDUDD, 121
UDUDUDUDUDDUDD, 587
DDUUDDDUUDUUUU, 181
DUUUDUUDDDDUDU, 472
UDDUDUUDDUUDDU, 110
UUUDDUUUUDUUDD, 99
DUDDUDUUUUDUUD, 824
UDUUUUDDDUUDUD, 249
DUUDUDUDDDDUDU, 402
UUUUDUUDUDUDDD, 33
UDDUUUDDUDUDDD, 78
DDUDDDUDDDDUUD, 155
UDDUDDUUUUUUDD, 387
DUDUUDDUUUDUDD, 356
DDUUDDUDUDUDUD, 591
UDUDUUUUUDDDDU, 190
DUUDDUDDUDUDDU, 204
DDUUDDUUDUDDDD, 152
DUDUDDUDUDDDDD, 76
DUUDDDDUDUUUDU, 286
DDUUDDUUDDUDUD, 118
UDDDDDDUDDUUDD, 307
UDUUDDUDUUDDUU, 723
DDUDDDDUDUUUUD, 338
UDDUDDUDUDUUDU, 926
DUUDUDDDDDUUUU, 173
UDDUDDUUDUUDUD, 698
DUUDUUUDUUUDUD, 232
UUDDDUUUUDDDDD, 123
DDDUDUDDUDDDUD, 114
DDDDUDUDDDDUDD, 138
UDUDDDUUUDDDDU, 200
UDDDUUDDDDDUUD, 69
UDUDDUUUUUUDDU, 381
UDDDUDUUDDDUDD, 215
DDUUUUUUDDDDDD, 21
DDUUDDUDDUDUDD, 160
DUUDUDDDUDDUDU, 278
UDUDUUUUUDUDUD, 442
DDDDUUUUUDUUDD, 197
DDUUDUUDDUDDDD, 55
DUDDUUUDDDUDDD, 166
UDDDUUUUDUUUDD, 65
DUUUDUUUUDUDUD, 132
DUDDDDUDDDUDDD, 86
UUUUUUDDDDUUDU, 78
UDDDDDUDDDUUUU, 119
UDUDUDUDDUDUUU, 825
DUDUUUUDDDUUDD, 87
UUUDUUUDUDUUUU, 69
DDUDDDUUUUUUUU, 75
UDDUDDUDDUDUUD, 372
UDUDDDDUDUDUUU, 609
DDUDDUUUDDDUUU, 490
DUUUUDUUUUDUUD, 76
DDDUDDDUDDDUDD, 105
DDUUUDDUDDUUDU, 178
DUUDDUDUUDUUDU, 569
DDDUDDUDUDDUUU, 388
UUDDDUDDDDUUUD, 309
DUDDUUDUUUUDDU, 840
DUUUDUDUDDUUDD, 396
UDUDUDDDUUDUDU, 440
UUDDDDDUDUDDUU, 85
UDUUDDDDDDDUDU, 217
UUUUDDUUUDDUUD, 128
DDUUDDUUDUDUUU, 483
DDUUDUUDDUUDUU, 273
UDUDUDDDDUUDUD, 601
DDDDUUUUUDDUUD, 77
DUUUDUDDDDUUUU, 124
UUDUDUUDDUUUUU, 230
UUDUDUUUUUUUDD, 130
DDUUUUUDDDUUDU, 306
UUUDDDDUUDDUUU, 303
DDUUUDUUDDUDDU, 33
DUUUUUUDUUDDUU, 96
DDDUDDUDUUDUDU, 528
UDUDDUUUUDDDDU, 92
DDDDUDUUDUDDUD, 195
UUDDUUUUDUDUUD, 171
UUUUUDUDDUUDUD, 122
DUUUUDDDDDDDDD, 6
UUUUUUUUUUDDDU, 10
UDDDUUDUDUUDDD, 479
UUUDDUDDDUDUUD, 580
DUDDUDUDDDUDDU, 117
DUUDDUDUUUUUUU, 277
DUDUUDUDDDUUUU, 282
DUUDUUUDUDUDDU, 158
UUUUUUDUDDDDDD, 6
UUUDDUUUDUDUUD, 511
UUUDDDUUUUUDUU, 175
DUUDUDDDUDUUUD, 768
UDUDUDUDDUDDUD, 333
DDUUUDDUUDUDUU, 166
UUUDDDDDUUDDDU, 216
DDUDUDDDUUUUUU, 442
DDUDDDUDUDDUDU, 419
DDDUDUUDUDUDUU, 1241
DDDUDUDUDUDUUU, 534
UUDDUUUDUUUUDU, 243
DDUUDUDUUUDUDU, 563
DUDUUUUDUDDDDD, 37
DDUDUUDDUUDUDU, 323
UUUDUUDUDUDUDD, 181
UDDUDDDDUUUUUU, 224
DUDUUUDDDDDDDU, 90
DUDDUUDUUDUUDU, 261
DDUUUUDDDDUUUD, 320
UUUUUDUDDDDUDD, 35
DDDDUDDUUUDUDD, 80
UDUUDUDDUDDDDD, 56
DDDDDDUDDDUDUD, 62
UDDDUDUDDUUUDU, 790
UDDDUUUDDUUUDD, 482
DDUUUUUDUDUDDD, 96
DDUDUUDUUDUDUU, 492
DUUDUDUUDUUUDU, 302
DDDUUDUUDUUDDD, 274
DDDUDUDDDUDUDU, 826
UDUUDDDUDDUUUU, 214
UUUUDUUUUUUUDU, 34
UDDUDDDUUUUDUU, 391
DDDUDDUDDUUUUU, 380
DDUUDDDUDDDDDD, 32
DDDUDUUUDUUDDU, 396
UDDDUUDUDDDUDU, 598
DUDDUDDUUUDUUD, 1359
DDUDUUDDUDDUDD, 187
UUDDDDDDUDUDUU, 421
UUUDUDUDUDUUUU, 239
DDUUUDDDDUDUDU, 195
DUUUUUDUUDDDDU, 78
UDUDUDDUDUDDDD, 178
UUUDDDDUUDDUDD, 52
UDUDDDDUUUDDDU, 249
UUUUDDDUDDDUDD, 64
DUDUUUDUUUDUDD, 203
DUUDUUDDDUUUDU, 266
UDUUDDDUDUUDUD, 1367
UDUUUDUUUDUUUD, 373
UUDDDUUDDDDUDU, 156
DUDUUDDDUUUUUU, 277
DUUDDUUDUDDUUU, 819
UDDDDUUDUUDUUU, 518
DUDUDUUUUUUUDU, 144
UUDUDUUDDDDUDU, 233
UDDUUUUDDDUDDD, 101
DDUUDUDDUDUDDU, 315
DDDDUDUDDDUUUU, 474
DDUUUDUUUDDDUU, 44
UUUUUUDUDDUDDD, 15
DDDUDUUDUUUUDD, 113
UUDDDDUUDUDDUD, 800
UDDUDDUDUUUUUU, 153
UDDDDDUUUUDUDD, 110
UDUDDUDDDUDUUU, 801
UDUDDDDUUDUDDD, 125
DDDDDUUDDUDUDU, 183
DUUDUUDUUUUDUD, 195
UUDUDDDUUDUUDD, 538
UDUDDDDDDUUDDU, 147
UUUUUUUUDDUUUU, 14
DUDDUDUDUUUDUD, 1702
UUUDDDDUDUDDDD, 26
UUDDUDUUUUUUUD, 240
DUUDDDDDDUUDUD, 147
DUUUUUUDDUDDDU, 60
DUDUUUUUUUUDUU, 27
UDUDDUUUDUUUDU, 867
UDUDDUUUUUDUDU, 241
DUUUUDDUDDDUDU, 101
DUUDDUDUUUUUUU, 92
DUUDUUDDUUDDUD, 607
UUUUDDDDUDUUDU, 382
UUDDDUDDDDUDDD, 92
DUDUDUDUUUUDDD, 451
DDUDUUDDDDDUUD, 233
UDUDUUDUDDUUUD, 751
UDDUDUDUDUUDDD, 486
UUDUUUDDDDDUUD, 143
DUDUUUDDUDUDUD, 606
DDUDDUDUDUUDUD, 1016
UUUUDDDUUDDUUU, 404
UUDDUDDUUDUDUD, 622
UUUUDUDUUDUDDU, 71
DUDDUUDUDDDUUU, 602
UDDDUDUDDDUDDD, 123
DUDDUUUDUUUDDU, 763
UUDUUUUDDDDDUD, 60
DUDDUUDDDDDDUU, 145
DUUDDDUUUUUDDU, 165
DDUUUDUDUDUUDD, 114
DUUUDDUUUDUUDU, 966
DUUDUDUDUUDUUU, 357
DUUUUUUUDUDDUD, 47
DUUDDUDUUDDUDD, 732
DDUUUDDUUDDUUU, 129
DDDUUUDUDUDDDU, 710
UUDDUUDUUUDDUD, 143
DDDUUDUDDDUDDU, 232
UUDUDUUUUDDDDD, 103
DUDDDUUUUUDDDD, 265
UUUUDDUDUDUDDD, 33
DUDUDUUUDDUUUU, 153
UDDDUDUUUDUUDD, 329
UUDDDUDUUUDUUU, 371
DUDDUDUDDDUDUD, 301
DUDUUUDDUUDDDD, 159
DUDDDUUDUDUUDU, 1723
UDUUUUDUUDDDUD, 189
DUDDDDUUDUDDUU, 477
UUDUUDUUUDUDUD, 222
DDUDUUDUUUUDDD, 276
UDUDUUUUUUUDUU, 112
UUUUDDDUUUUDUD, 349
UUUDUUDDUDDDDD, 29
UDUDUUDUDUDDDD, 230
UUUUDUUUDUUDUU, 86
DDDDDUDUUDUDDD, 115
DDUUUUUDUUUDUU, 118
UUDUUDUUDUDUUU, 250
DUDDDUDUUDDDUU, 181
UUDDDUDUUUUUUU, 249
UUDUDDDDDUUDDD, 295
DUUUUDDDUUUUUD, 143
UDDDDDDDDUUDUD, 108
UUDUUUDDUUUUDD, 196
UUUDDDUDUDUDDD, 111
DDDUUDUDUDUDUD, 660
DDUUDUDUUUUDDD, 236
UUUDUUUUUDDDUU, 81
UDDDUUDUDDDDUD, 378
DDDDDUDUUDDUUD, 274
UUDUDDUDDDUUDU, 741
UDDUDUDDUUDDDD, 68
UDDUDUDDDUUDDD, 342
DUDUDUUUDUUDDD, 382
DUUUDUDUUDUDDD, 87
DUDDDDDUDDUUDD, 416
UDDDDDUUDDDDUD, 95
DDUUDDUUUUUDDD, 39
DDDUUDUDUUDDUD, 164
UDUDUUDUUUUDDD, 145
DDDUUDUDDUDUUD, 477
DDDDDDDDUDDUDU, 47
DDDUUDDDUDUDDD, 153
UDDUUUUUDUUUDD, 301
UDDUDDUDDUUDUD, 234
DDDDUDUDDDDUDU, 234
DDDDUDDDUUDDUU, 146
UDUDUUUUUDDUDU, 137
DDUDDUUDUDUUDD, 713
UUUUDUUDUUDUDD, 28
DDDUUDDDUUUUUU, 206
DUUUUUUDDUDDDD, 27
DDUUDDDUDUDDDD, 134
DDDDUUDDDUDUUU, 131
UDUUDDDDUUDDDU, 126
UUDDUUDDUDUDDD, 78
UUUUUDUUUDUDUU, 40
UDUDDDDDUUUUDU, 421
DDDDUUDDUDDUDU, 94
UUUUDUDUUUUDDD, 86
DDUDDDDUDUUUDD, 472
DDUDUUDDDUDDUU, 519
UDDUUUDUDDUUDD, 348
DUDDUDUDUUDDUU, 519
UUUUUUDUUUDDUD, 17
UDUDUUDUDDUUUU, 380
UUDUDDUDDDDDDU, 71
UUUDUDUUDDUDDU, 75
DDDDDDDUDUUDUU, 336
DDUUUUDDUDUDDD, 150
UDUUUDUUDUUUDD, 138
UUUUUUDDDUDUUD, 51
UDUDUDUDDUUDUD, 1299
UDDDDDDDDUDDUU, 118
UUUUUUUUUDDUUU, 10
UDDUUDUUDDUUDD, 157
DUDUUDDDUDUDDU, 443
UUUUUUDUUUUUUD, 8
DUDDUUUDDUDUUU, 119
UUUDDUDDUUDDDU, 189
UUDDUDDDUDUDDU, 281
DUDDDDUDUUDDDU, 314
UDUUDUDDUUDUDD, 288
DDUUDUDUDDUUDD, 143
DUDUDDDUDDDDDU, 107
DUDUDUUUDUUDUU, 770
UUUUDDDUDDDUDU, 61
DDUUDDUDDUUDUU, 435
UUDDDUDDDUUDUD, 432
DUUUDUUUDUUDUU, 146
UUDUUDUDUUUUDU, 298
UUDUUUUUUDDUUU, 53
DUDUDDDUUUDDDD, 249
UDUDUUUDUDUUUU, 298
UDDDUUUDDDDDUU, 434
UUDUDDDUDUUUDU, 329
DUUUUDUUDUDDUU, 97
DUDUUDUDDUUDDD, 393
DUDUUUDDUUDDDD, 87
DUDDUDUDUUDDUU, 666
UUUDUDDUUDUUDD, 367
DUUDDDUUDDDDDD, 84
UDUUUUUDDUDDUU, 115
UUUUDDUDDDDUUD, 150
DDUDUUUUDDDDUU, 434
UDUDUUUDUDDUUD, 258
UDUUDDUUUDUDUD, 387
DUUDUDDUUDDUUD, 436
DUUDUDDDDUUDUU, 452
UUDDDDUUUDUDDD, 147
DDUUUUDUDUDDDD, 120
UDDDUUUDDDDUDU, 287
UUDUUDUDUUUUDD, 196
DDDDUDDDDUDUUU, 192
DDDUDUUDDDUUUU, 185
UDDDDUUUDDDUUD, 366
UUUUDDDUDDDUUU, 36
UDDDUUDDDDUUUU, 179
DDDDDDUUUDUUDU, 222
UUUDUDDDDDUDDU, 220
UDDUDDUDUDDDDU, 105
UUDDUUDUUUUDUD, 229
DUUDDDDUUUUDDU, 378
UDDUUDDDUDUDDU, 175
DDDUUDDUUUUDUD, 431
UUUDUDUDUDUDUD, 161
UUDDUDDUUDDUDD, 243
UUDDUDDDUUUUUU, 135
UDDDDDUDDDDUDU, 126
DUUDUDDDUUUUUD, 106
DDDDUUDDUUUDDD, 178
DUDUUDDDUUDDDD, 282
UDDUDDDUDUUUDD, 352
DUDDDDDDUDUUDU, 1032
DDUUUDDUDDDUDD, 29
UUUUDUDDUUDDDD, 107
DDUDUUDDDUUUDU, 563
UDDUDDUDUDDUDD, 410
UUDDDUUDUUUDUD, 462
UUDUDDUUUUDUUD, 298
UUDDUDUUUDDUUD, 1015
UDDUUUDDDUDDUD, 199
UDUUDDDUDUDUDD, 927
DUUUUDDDUUDDDU, 67
DDDDUDUUDUUDDD, 544
UUUUDUDUUDDDUU, 142
DDDDUDUDDUUUUD, 441
DDDDUDUUUDDDUU, 207
UDUDUDUDUUDDDD, 80
DUUDUDDUUUUUUD, 294
DDUUUUUUUDDUDU, 86
UUDDDDUDDUDDUU, 148
DUDUDUUDDUDUUD, 294
UDDDUUDDDDUDDD, 88
DDDUDDUDDDUDDD, 90
UUDDUDUUUUUUUU, 111
UDUUUDUUUDUDDU, 142
UUDDUUDUDDDDUU, 172
DDUUUUUUDUDDDU, 106
UUDDUDUUUUUUUU, 140
UUDUUDDUDUDUDU, 301
DUDUUDDUDUDDUD, 466
DDUDUDDDDUUUUU, 253
UDDDDUUDUUUUUD, 242
UUDDUUDUUDDUUD, 201
DDUDUUDDUDDUUU, 123
UUDUDDDUDDDDUD, 136
UDDDUUDDUUUUUU, 217
UUDUUDUUUDUDUU, 222
UDUDDDDDUDDDDU, 230
UUDDDDDUDDDUUU, 127
DUDUUDDUDUUDUD, 357
UDUDUDDUUDUDDD, 174
UUDDUUUUUDUUUU, 106
DDDDUDUUDUUDUD, 458
UUDUDUDUUUUUDD, 111
DDUDDDUUDDUDUU, 1055
DDUUDUUUUDUDUD, 506
UUUUDDDUUUDUDD, 50
DUUDUDDUDUUDDU, 175
UUUUDUDUDUUDUD, 380
DUUUUDUUDUUUDU, 239
UUDDDDUDDUDDUU, 189
DDUDUUDUUUUUDU, 109
DDDDDUDDDUDDUU, 209
UUUDUDDDUUDUUU, 151
DDUDUUDUUDDUUU, 155
UUDUDUDUDUDDUD, 351
UUDUUDDUDUUDUD, 396
DUUUDUUUDDUUUD, 181
UDUDUUUUDDUDUU, 664
UDDUUDDDUUDDDD, 217
DDUUDUDDUUUUDD, 235
UUDDDDDUDDDUUU, 101
DUUUUUDDDUUUDD, 111
UUUDUUUDDUDDUD, 52
UUUDUDDDUDDUUD, 168
DUUDUDDDDUUDDD, 346
UUUUUDDUDDDUDU, 109
UUDDUUUUDUUDUU, 276
DDDDDDDUDDDDUD, 26
UUDDUUDDUUUDDU, 221
DUUUUUDUUUUUDU, 70
UUDUUUDDDUUDDD, 172
UUDUUDDUUDUDUD, 300
DDUDDDDDUDDUDD, 76
UDDUUDDUDUUUUD, 483
DUDUDUDUUDDDUU, 331
UUDUDUDDDUUUUU, 317
DUUDUDUUUDUUDU, 987
DDDDUDUUDDDUDU, 449
UUDDDUDUUUDUUU, 302
DUUUUDDUDUUUDD, 182
UUUDUUUDUDDDUD, 125
UDDDDUDDUUUDDU, 244
DDDDUUDUUUUUDU, 210
UUUDUDDDDUDDDD, 44
UUUUDDDUUUUDUD, 259
DUUDDDDUUDDDUU, 389
DUDDUDUUDDUUUU, 235
UUUDDDDDUDDDUD, 38
DDDDUUDDUDUDDD, 87
UUDUUDUDUDUUUD, 469
UDDUDUUUUUUDUU, 200
UUUDUDDUDDDDDU, 62
UDDUUDUDDUDDDU, 162
UDUDDUUUDDDUUD, 517
DUDDUUUDUUDDUU, 152
DUDDUDDUDUUUDU, 764
DUUUDDUUUDDDUU, 446
DDDUUUUDDDDUUU, 168
DDDDDUUUUUDUUU, 142
DUDDDDDDDUDDUD, 90
DDDDDUUUUDDDDD, 44
UUUDDDDUUUDDDU, 15
DUUUDDUDUUUDDU, 190
UDUDUUUDUDDDDD, 50
UDUUDDDUDDUDDU, 515
UUDDDUDDUUDDUD, 94
DDDUUDDUUDUDDU, 216
UUDDUUUDUDDUDU, 191
DUUUDDDUDUUDDD, 233
DDUUUUUDDUUDUU, 136
UDUUDUDUDDUDUD, 120
UUUUUUDDDUUUUU, 30
DDUUUDDDDDUDDU, 74
UUDUDUUUUDDUDD, 169
UUDUDDUDUDDDDD, 46
DDUDDDUUDDUUDU, 178
UUDDUDDUDDUUUU, 113
DDDDUDUDDDUDUD, 149
DDUDDUUUDDUUUD, 535
DUUDUUDUDDDDUD, 163
UUUDUUDDUDDUUD, 74
UDUUDUUUUDDDDD, 73
UDUUUUUDDUUUUU, 102
DUUUDDDUDUUUDD, 500
DUDDDDUUDDUDUU, 514
DDUUDUUUDUUDDU, 381
DUDDUDDDUUDDUD, 641
UDUDDDDUDUUDUU, 540
UUUUDUDUUDDDDU, 62
DDUDUUDUUUDUDD, 230
UDDUDDUDDUDDUU, 491
DDDUUUUDDDDUUU, 74
UDUUUDUUUDUDUU, 360
DUUUDDUDDUDDDD, 64
UUDUDDDUDUDUDU, 1657
DUDDDUUUUDUDDD, 245
DUDUDUUUUDUDUD, 601
UDDDDDDUUDDUUU, 347
DUUDUUUUDUDDUD, 205
UDDUUUUDDDUUUU, 304
UDDDUDUDDUDDDD, 107
DDDDUUUDDUDDDD, 88
UUDDDUDDUDDDUD, 126
DUUUDUUDUDUDDD, 222
UDUDUDDUDDUDUU, 766
UDDDUDUUDDUUUD, 681
UUUDUDDDDDDDUU, 28
DDUDUDUUUUDDDD, 119
DUUDUDDDDUDUUU, 528
UDUDUDDUUDUUDD, 2192
UDDUUDDDUDUUDD, 98
DDUDUDUDUDDUUD, 307
UDDUDUUUUDUDDU, 244
UUUDUUDUDDDDDU, 39
UDDUDUUDDDDUUU, 499
DDUUUDDDUDUDUU, 535
UUDDUDDDUDDUUD, 541
DUUUDDUDDUUDDU, 164
UUDUDDUUUUDUDD, 247
DUUUUDDUDUDUUU, 210
UUUUDUDDUDDUDU, 99
UDUUDDUUDUUDUD, 215
UUDUDUUDUDUDDU, 206
DDUDUUDUDUDDUD, 335
UDUDUUDDUUDDDU, 103
DDUUUUDDUDDDDD, 61
UDUDDUDUUDUUDD, 618
UDDDUUDDDDDDDD, 15
UDUUUDUDDDDUDD, 51
DUDUUDDDUUUDDU, 1323
UUDDUUDDUDUDDU, 318
UUUDUUDDDUDDDU, 82
UUUDDUDDDUDDDU, 59
UDDUUUDUDDUUDD, 578
UDUUDUUUDDUDUU, 275
DDUDDUUDDUUUDD, 404
DDUDUUDUUDDDDD, 142
UDUDUDDUUDDDUD, 519
DUDDUUUUUDDUUU, 77
DDDDDDUUUUDUDD, 146
UDUDDDUUDDUUDU, 965
UUDUUDUDDUDDUU, 171
DDUUDDDDDDDUDD, 34
DDUUUUUDUDUUUU, 95
DDDDUUUUDDUUDD, 195
UUUUUUDDDUDUUD, 55
DDUUUDDDUDUUDD, 149
UUUDDUDDUUUDDU, 355
UDDDUUUUUDUDUD, 294
UUUDUUDUUDUDUD, 158
DUDUUUDDUUDUUD, 162
DUDUDDDDUUDDDD, 118
UUDDDUDDDUUDDD, 109
DDUUUDDDDUUDDD, 150
DUUDDUUUDDUDDU, 271
DUDDUUDUDUUUUD, 949
UDUUDUDDDDDDUU, 122
DDUDUDUDDDUUDD, 224
DUUDDUUDUUUUUD, 482
UDUDUUUDUUUDUU, 149
UDUUDUUDUUUDUD, 228
UDUDUUUDUDUDDD, 293
UUDUUUUUDDUUUU, 35
DDUUDDUDDUDUDU, 612
DUUUDDDUDUDUDU, 724
DUUDUUDDDUUUDD, 302
UDDUUDUUUDDDDD, 118
DUDUDDUUUUDUDD, 884
DUUUUUDUDDDUUU, 108
UDUDDDUDDUUUDD, 489
DDDDDDUUDDDUUD, 189
DDUUDDDUDUDUUU, 599
UUUDUUUDUDDUDD, 89
UDUDUUDUUDDDDU, 465
UUUUDDUDDUDUUU, 197
UUUUUUUUDUUUDU, 12
DUDDDUUUDUUUDD, 986
DDUDUUDUUUDUDD, 708
UDDDDUDUUDUUDD, 587
DDUDDDUUDUUUUD, 297
UUUUDUDUUUUUUU, 17
UUDDUUUDUUUDUU, 199
UUUUDDDUDDUUDD, 167
UUDUUUDUUDDUDD, 215
UDDUUUDDUDUDDD, 72
DUUDDDUDDUUDUU, 389
DUDDDDUDDUUDUD, 902
UDUDDUUDUUUUDD, 307
DUUDDUDUDDDUUU, 201
UUDDDDUUDUDDDU, 263
DUDUDUDDUUDDDD, 301
UUDDDUUUUDDUDU, 305
DDDUUUDDUUUDDU, 522
DUDDUDUUUDUDUD, 1183
UDDDUDDDUUDUDD, 190
UDDDUDUUDUUDDU, 908
UUDDDUDDUDDDDD, 78
UDUDDUUDUUDDDD, 111
DDUDUUUUUDDUDD, 275
UUDUUUUUDUDUUD, 144
DUDDUDDUDDUDDU, 767
UUUDDUDUUDUDUD, 473
UUUDDUUUDDUUDU, 21
UDDDUDDUDUUDDD, 407
UDDUDDDUUUDDDD, 788
DDDUUDUUUUDUDU, 136
UDDDDUUDUDUDUU, 338
UUUUUDDUDUUUDD, 128
DUDDDUDDUUDUDU, 1252
DUUUUDUDUDUUDU, 420
DUDUDDUUUUDDDU, 425
UDUUUUDUDUDDDU, 230
UDUDDUUDUDUDUU, 740
UDUUDUDDUDUUDD, 276
UDDDDUDUUUUUDU, 1208
DDUUDDUUDDDDDU, 101
DUUUUUUUUDDUUU, 30
UUDDDUDDUDUDDD, 127
UUUUUDDUUUUDDD, 83
UDDDUUDDDUDDUU, 207
UUUDUUUDDUUDDD, 58
DDUDUUUUDDUDUU, 534
UUDUUUUDDDUDUD, 287
UUDDUUUUDUDUDU, 134
DDDDUDUDUUDUDD, 145
DDUUDUDUUUDUUU, 287
DUUUUDDUDDDUDD, 126
UUUUUDDDUUDUUD, 128
UDUUDDDDUUUDUD, 467
DUUDUDDUUDUUUU, 133
DUDUDDUUDUUDDD, 576
DDDDDUDDDUUDUD, 288
UUUUDUUUDUDUUD, 139
DUDUDUDDDUUDUU, 629
UDDUUDDDUUDUDU, 521
UUUUUDUDDUDUDU, 128
DUUUDUDUDUDUDD, 498
DUUDDDUUDDDDDD, 61
DUDDDUDDDDDUDD, 128
UUUUDDDDDDUUUD, 155
UUDUUDUDDUUDDU, 365
UUUDDUDDDUDUDU, 371
UDUDUDDUUUDDDU, 662
UUUUUDDUUUUUUD, 23
UUDUDDUDDUUDDU, 502
DDUDUUDDUDDDUU, 110
UDDDUUUDUDDUDU, 181
DUDUUUDUUDUUDU, 682
UDDUDDDUDUDUUD, 804
DUDUUUUDUUDDDU, 297
UUDUUUUDDDDDDD, 14
DDDUUUUUDUDDDU, 84
DDUDUDDDUUUDUD, 880
DUDDUDUDUUDUUD, 929
UUDUUUUDDUDDUD, 91
DUUUUDDDUDDDUU, 285
DUDDUUDDUUDUDD, 1146
UUUUUDDUDDDUUU, 99
UDUUDUUUDDUDDD, 244
UDDUUDDDDUDDUU, 222
DDDUDUUDDUUUUU, 66
DDDUUDDDDDUDUD, 124
DUDDDUUDUUDDUD, 383
DDUUDDUDUDUUDU, 1507
DDUUDDDDUUDUDD, 248
UDDDUDUDDUDUUU, 92
UUDDUDUUUUUDDD, 136
DUDUUUUUDDUDDU, 226
UDDUDDDUUDUUDD, 1091
DUUDDUUUDUDUDU, 847
UDDUUUUDUDUDDU, 495
DDUDDUDUDDUDDD, 124
DDUUUDDDDUDUUU, 103
UUUUDDUUUDDDUU, 201
UDDUDUUDDUUUDD, 542
DUUUDDUUUDUUDD, 93
DUUUDDUDDDDDUU, 139
DUUDUDUDUDDDDU, 88
UDDDDUUUUUDDUD, 395
UDDUUUDDUUUUUD, 344
DDUDUUDDDUDUUD, 267
DUDUDDDUUDDUUD, 1336
UUDDUDDDDUDUDD, 307
UUUUUUDUDUUUUD, 43
DUDUDUDDUUUUDU, 1258
UUDDDDDUDUDDDD, 102
UDDDDDDUUDDDUU, 105
UDDUUUDDDUDUUD, 356
DDUDUUDUUUUDUD, 133
UDDDDDDDUDUDUD, 195
DDDUUDUUUDUDUD, 229
UUUUDUUUUUDUUU, 9
DUUUUUDUUDUUUD, 208
UUDDUDDUUUUUUD, 424
UUDUDUUUDDUDDD, 103
DUUUDDDUDDDDUD, 230
UDDDUDDDUUDDUD, 387
UUUUUUUDUDDUUU, 17
DUDDDUDUUUDUUU, 678
DDUDDUUDUUDUDU, 988
UDDUUDDUUDUUDU, 950
DDDDUUUUUDDUDU, 347
DUDUDDUUUDDUUU, 175
DDDDDDUDUDUUUU, 215
UDUDDUDUDDDDDD, 62
DDDDUUUDDUUUUD, 590
DDUDDDDUDUUDUD, 603
UUUUUDDDUUUDDU, 187
UUUDUUUUUDDDDD, 25
DUUDUUDUDUUDDU, 659
DDUDUUUDUDUDDD, 182
UDUUUDUUUUDDDU, 90
DUUDUDUUDDUUDD, 188
DUUDDUUUUDUUDU, 163
DDUDUUUDDDUDUU, 206
UDUDDUUDUUUUDD, 539
DDDDUDDDUUDDUU, 194
DDDUDDDDDDDDDD, 6
UUUDDDDDUDUDDD, 78
UUDDUUDDUDDDUU, 216
UDUDDDUUUDUDUD, 1034
DUUUUUUUDUUDDD, 26
DUDDDDDUUDDUDU, 709
UDDUDUUDUDUUDU, 1342
UUDUUUDDDDUUDD, 185
UUDUDDUUDUUDDU, 185
DUDUUDDUDUUUDU, 320
DDDDDUUDUUDUDD, 318
DUUUUDDUUDDUUU, 164
DDUUDUDUUDDDDD, 86
DDUUDUUUUDUDDD, 217
UDUDUDDDUUUUDU, 265
UDUDDDUDUDDDDU, 105
UDUDDDUDDDDUUU, 134
DDDDUDDUUDUUDD, 585
UDDUDUDUUUUUDU, 1237
DUDDUDUUDUDUDU, 1456
UUUDUDDDDDDUUU, 87
DDUUUDUDUUUUDU, 300
UDDDUUUUDDUDUU, 95
UUUDUUUDUUUDDU, 142
DUDUUUUDDDUDUD, 491
UUDDUUDDUUDUDD, 330
DUUDUUDDDUDUUD, 587
UUUDUDDUUDUDUD, 165
DUUUDDDDUDUUUD, 214
DUUDDDUDDUUUUD, 471
UDUUDDDDDDUUUD, 159
DUUUDDUUUDDUUU, 251
DUDUDDDUUDUDUD, 1651
DUUUDUDUUUDDDD, 113
UUDUUDDDDUUDDU, 91
DUDDDDUUDDDUUU, 186
DDDDDDUUDUUDDU, 348
UDDUUUUDUDUDUD, 339
DUUUUDDDDUUUDD, 225
DUUUDDUUDUDDDD, 107
DUDUUUUUDDDDUU, 135
UDDDDUUDUDUDUU, 1196
UDUUDDUDUDDDUU, 192
UUUDDUUDUDDUDD, 217
DUDDDUDDUUUUUU, 346
UDDUDUDUDUUUDD, 658
DDDDDDUUDDDDUU, 145
UDUUDUDDDDUDDU, 117
DUUUUDDUDUUUUU, 90
UUUDUDDUDDUUUU, 113
UUUUUDDDDDUUDD, 184
DUUUDDUDDUDDDD, 87
UUDDDDUUUUUDUU, 113
DUDUDDDUUUUDUU, 384
DDDUDDDDDDUDUU, 101
UDDDUDDDUDUDUD, 202
DDUUDUUUDUUDUD, 358
DUDDDUUDDUDUUU, 997
DUUUDDUDUDDUDD, 370
DDUDDDDDDUUUDD, 109
DDDUDUUDDUDUUU, 400
UUDDUUUUUDDDDU, 255
DUDDUDDUUUUDUU, 701
UUUDDDDDUUUUDD, 105
UDDUDUDDDDDUDU, 308
UUUDUUDDUUDUUD, 195
UDUUUDUUUUDUUD, 251
UUDUDDUUDUUDDD, 234
DUDDDUUUUUDUUU, 362
UDUUDDUDDDUDUD, 300
DUDUDDUDUUDUUU, 829
UUUDDUUDUUUDUU, 202
DUDDUUUDDDUDUD, 427
DUDDDDDUUUUUDU, 554
UDUUUDUUUDDDDU, 179
DDUUUDUUUDDUDD, 128
UDUUUDUDUDUDDU, 251
UUUUDUUUUDUDUD, 81
UDUUDUUUUDDDDD, 49
UDDUUUUUUUUDDU, 110
UDUDDDUUDUUDDU, 695
DUUUDDDDUDUUDD, 97
UUUUUDDDDDDDUU, 16
DUUUUUUUDDUUDU, 100
DDUDUUUUDDUUUU, 122
DUUDUDDDUDUUUD, 522
UUUUUDDUUUUUUU, 15
UDDUUDUDDDUDUU, 624
UUUUUUDDUUDDUU, 32
UDUDDUUUDUDDDD, 164
UDUDDDUUUDDUDD, 428
UDDUDUDDDUUUUU, 309
UDDUUUDUUUUUDU, 228
UDUUDDDDDUDUUD, 538
UUUDDUDUUDDDUD, 201
UDUUDDDUUDUUUU, 279
UDDDUUDUUDDUUU, 693
DDDUUDDUUDUUDU, 388
UUDUDDUDUDDDDU, 256
DUUUDUUUDDUUUD, 279
UUUDUDUUUDDDDU, 183
DDDUUUUDDDDUUD, 390
DUDDDUDUUDUUDU, 1296
DUUUDDDDUUDDDD, 76
DUDDUUDDUDUDDU, 674
UDDDUDUUDUUDDU, 1236
DUDUUDDUDUUDUD, 515
DUUDDUDUDDDUUD, 413
DUDUUUUDDDUDDU, 122
UUDDDUUDDUUUDD, 292
UUDUDDUDDDDDUU, 213
UDDDUUDUDDDDDD, 44
UDUUDDUDUDDDDD, 46
UDUUDUDUDUUDDD, 143
UUUDUDDUDDUDUU, 266
UUDDDDUUUUDDDD, 105
UDUDUUDDDUDDDU, 170
UUDUUUUUDUUDUD, 212
DUDDDDDDDUUDDU, 147
DDUUDDUDDUDUDU, 475
DDDDUDUUDDDDUU, 279
UUUDUUUUUUUUDU, 15
UDDUUDUUUDUDDU, 332
UDDDDDUUUDUUDU, 309
UDDUUUUUUUDDUD, 124
UUDUDUUUUDDDUD, 137
DUUUUUDUDDUDDD, 40
UUUDDUDDUUUDDU, 249
UUDUUUUDUDDUDD, 140
UUUUDDUUUUDDUD, 177
DUDUUDUDDDDUUU, 254
DUUUDUUUUDDUUU, 66
UUDUDDDUUUDUUU, 203
UUDUUDDUUDDDDU, 327
DUUDDUDDUUDUDD, 556
DDUDDUUUUUUUDU, 126
UDDDDUDDDDUUDD, 204
DUDUDUDDUDDDDD, 90
UUUUDDDDDUDUDD, 260
UDDUDDUUUUDUDD, 428
UUUDUDDDDDUDUU, 103
UUDUDDDDDUUDDD, 178
UUUUUDUUDUDUUD, 78
DUUDUUUDUUUDDD, 107
UDUUUUDDUDUUUU, 66
UUUDUUUDUDUDUD, 151
DUUDUDUUDDDDUU, 137
DUDUUDDUUUUUDU, 256
UDDUDDUUDUUDUD, 1484
UUDUDDUUUUDUDU, 360
DDDDDDUDDDUDDU, 96
UUDUUDUUDDDDUU, 123
UUUUUDUDUUDDUU, 47
UUUUUUDUUUUDUD, 31
UUDDDDDUDUUDDD, 164
DUUDDUUDDDDDUD, 79
UUDDUDDUDUUDDD, 587
DDUUDUUUUDUUDD, 120
DUUUDUUDUUDDDU, 109
DUDDUUDDDDDDDU, 102
UUUUDDUDDUDDDD, 51
UUDUUDDDUUDDUU, 333
UDDUDDDDDDUUUD, 332
UDDUDDDUDUUDUD, 529
DUDUUUUDDDUUUU, 351
UUUDUUDUUUUDUD, 175
DDUUDUUDUDUDUD, 393
UDUUUDUUUUDUUU, 98
UUDDUDUDDUDUDU, 722
UUUDDDUDDDUDDD, 62
DDUDUDUDDUUUUU, 379
DDDUDUUUDUDUDU, 1142
DDUDDUDDDUDUDD, 346
DDDDUDDDDDDUDU, 57
UUUUDDDUUUUDDD, 114
DUUDUDDUUDDUDU, 129
UDDDDUUUDUDDDU, 167
UDDUDUUUUUDDDU, 235
UDUDDDDDDUUUDD, 223
DUDDUDDUDDDUDU, 407
DDUDDDDDUDDUUD, 281
DUUUUUUDDDDUUU, 46
UUUDUUUDUDDUUU, 24
DDDDDUUDDUDUDD, 307
UDDUUDDDUUDDDD, 164
DUDUUDUDDUDUUU, 330
UDDUDDDUUDDDDD, 73
DDDDDDDDUUDDUD, 108
UDUDDDUUUUUUDD, 380
UDUDUUDUDUDDDU, 199
UUUDUUUUDUUDUU, 103
DUDUUDUUDUDUDU, 283
DDUUUUDDUDUDDU, 506
UUDUDDUDUUDDUD, 482
UDUUDUUDDDUUDD, 314
DUUDDDUUDDUDUU, 561
DDUUUUDUDDUDUD, 255
UUDDDUUDUDUUDD, 241
UDDDDDUDUDUUDU, 675
DDDUDDUDDUDUDD, 446
UDUDDUUUUDUUUU, 204
DUUDUDUUUDDDUD, 191
DUUDDUDUUUDUDD, 522
UUDUDUDUDUDUDD, 128
UDDUUUDDUUDUUD, 603
UDDDDUUDDDUUUU, 180
UDDDUDDDUUDUUD, 268
UUUDUDUDDUUDDD, 211
UDUUUDUDUDUUUU, 230
UDDDDDUUUDDDUD, 446
UUUDUUUDDUUDUU, 96
UDUDDDDUUDUUUD, 645
UUDDUDUDUDDDUD, 544
DDUUUUUDUUDDUU, 72
DUUDUDUDUUUUUD, 463
DDDDDDUDDDDUDD, 21
UDUUUDDUDUDDUD, 108
UDUUDDDUUDUUUD, 197
DDDDUDUUDUUDDU, 562
DDUDDUDDDUDDDD, 41
DDDDUUUDUDDUUU, 118
UDUUUUDDUDDUUU, 31
UUUDDDUUDDUDDD, 128
UDUDDDDUDUUDUD, 327
UDUDDUDDDDDDDD, 23
UDDDDDUUUUUUUD, 150
DDDUUDUUDDUUUU, 155
DUUUDUDDDDDUDU, 152
UDDUDDUDDUUDUU, 484
DUDUUUDUUDUUUU, 281
DUDUDDUDDUUDUU, 741
DUDUUDDDUDDUDD, 139
UUDDDDDUDUDUUU, 685
DUUUDUUUUDUUDU, 225
UDUDDUUDDDUDDU, 393
UDUDUUDUUDDDUD, 340
UUDUDDUUDDUDDU, 138
DDDDUDUUUUUDDD, 71
DUUDUDDDDDUDUU, 153
UDUUDUDUDUDDUU, 161
UUDUDUDDDUUDUD, 947
UUDDUUDUDDDUUU, 163
UDDUDDUUUDDUUD, 920
DDDDDUUDUDUUUU, 261
UUUUDUDDUDUUDD, 103
UUUDDDUDDDDUDD, 94
DDDDUDUDUDDUUD, 309
DDUUDUUUDDDDDU, 173
UUUUDDDUDUDUDU, 388
DDUUUUUUDDUUDD, 65
DUDUUUDDUUDUDD, 311
DDUUDUUUDDUDDD, 94
UDUDUUUUUDDUDD, 556
UDDDUUDUDUUDUD, 777
DDDUUUUDUDUUUU, 167
DUUUUUDDUDDUUD, 214
DDDUUDUDUUUDUU, 344
DUUDUUUUUDUDUU, 327
DDDUDDUUUUDUDU, 1193
UUDUUDDUDDUUDU, 116
UDUUDDDDDDDUDU, 300
DDUDUUDUUDUUUD, 960
DDDDDUUDDDDDDU, 37
DDDUUDDDUDUUUU, 206
DUUDUDUDDUUDUU, 228
DDUUDUDUDDUDUU, 338
DUDDDUUDUDDDUU, 422
UDUUDDDUDDUUUU, 247
UDUUDUDDDUDDUD, 216
DUDDUUUDDDDUDU, 255
DUUUUUDUDDUUUU, 48
UUDUUDDDUDDUDU, 266
UUDDDDDDDUUDUU, 227
DUUUUDDDUDDDDD, 20
UDUDUDDDDUDUUD, 213
DUUUUUUDUDDDDD, 42
DDUDUUDDDUDUUD, 604
UUDDDUUUDUUUDD, 301
DUUUUDDUUDUDUD, 566
UUDUUDUDUDDUUD, 440
UDDDDUUUDDUDUD, 262
DDDUDUDDDDUDUD, 412
DUUDDDDUUDDUDD, 242
UUDDUUUDUUDDDD, 52
UUUUDUUUUUUDUU, 29
UDDDDUDUUDUUUD, 1084
UDUUDUDUDDDDDD, 36
DUUUUDUUUUDDUD, 39
DDUUUUDDUDDUDU, 326
UDUUUUDUUUDDDU, 76
DUUUDUUUDUDDUD, 102
UUDDDUUUDDDUUU, 109
DDUUDDUDUDDDUD, 216
DUUDDUDDUDDDUU, 262
DDDUDDDDDDUUDU, 103
UUUDDDUDDDDDDD, 37
DDDDDDUDDDDDUU, 32
DDDDUUUUDUUUUU, 37
UUUUDDDDDUDDDU, 47
UUDUUUDDUDDDDU, 130
UDDUDDUUUDDUUD, 279
UUDUUUUUUUDDDU, 93
DUDDUDDDUUUUDU, 920
DUDUUDDUDUDUUU, 207
UUDDDDUDDDDDUD, 123
UDDUDDUDDDDDUD, 165
UDUDDDDUDUDDDU, 240
UUUDUDUUDUUDDU, 146
DUUUDDDUUDDUDD, 454
UUDUUUUUDDDDUD, 182
DDDDDDUUDDUDUD, 127
UDDDDUUUDDDDUU, 166
UDUDDDUUUUDUUD, 309
DUUDDUDUUUDDUU, 581
DDUDUDUUUDUDUD, 1561
DDDUUDDUUUDUDD, 670
UUUDUUDUUUUDUU, 84
UUUUDDUUUUUDDD, 35
UUUDUUDDUDDUDD, 67
DUDUDDDDUDDDDU, 366
UDUDUDDUUUDDUU, 449
UDDDUDDUUDDUDU, 460
UUUUUUUDDDDDDU, 61
DUUUDDDDDDUDUU, 89
UDDDDDUDDUUUUU, 198
UUUDUDUUDUUDUD, 556
DUUUUDDDDUUDDU, 117
DDUUUDDDUDUDUU, 407
DDDUDDUUDUDUDD, 731
UUDUUUUUUDDUUU, 70
UUUDDDUUDDUDUD, 244
DUDUUDUUDUUDUU, 374
DDUUUUDDDDDDDU, 42
UDDUUUDDDDDDUD, 163
DDUUDDUDUDUUDD, 295
DUUUDUUUUDUUDD, 122
UDUDUDDUDDDUUU, 525
UUUDUDUUDUDUUD, 231
UDUUUDUDUUDDDU, 129
DUUUDDUUDDUDDU, 263
DUDDDDDUDDDUUD, 134
UDUDUDDUDDUDUU, 490
DUDUDDDDUUDUDD, 735
DDUDUUUDDDUUUU, 272
DUUDUUDDDDUDDU, 177
DDDDDUDDDUDUDD, 99
UUDDUUDUUUUUUU, 144
DUDUUDUUDDDUDD, 338
UDDUDUDDDUDUUD, 547
DUUDDDDDUDDDUD, 264
DUUDUDUDUDUDUU, 515
DDDUUDUDUDUDUD, 182
DUDDDDDDDUUUUU, 71
DUDDUDDUUDDDDU, 120
UDDDUDUDUUDUDU, 890
DUDUDUDUDDDDUU, 264
UUDUUDDDUDUDUU, 275
UDUDDDUUUUDUDU, 612
UUDUDUUUUDUDUU, 292
UDUUDUDUDDDUDD, 173
DUUUUDDUUUUUUU, 45
DDDDUDUDDDDDUU, 131
UDUDUUUUDDDUUU, 102
UUDDDDUUDDDUUD, 367
UDDDUDDDUUDUDD, 335
DDUUUDDDUUUUUD, 210
UDUUDUDUDDDDDD, 38
UUUDDDDUDUUUDD, 550
UDDDUDUUUDDUUD, 1269
UUDDDDUDDUUDDD, 247
DUUDDDUUDDUUDD, 133
DDDDUDUUDUUUDD, 233
UUUUDDUUUDDDDU, 20
DDUUDUUDUDUUDU, 924
UUUDDUDDDDDDDU, 18
DUUUUUUDDDDUDU, 109
DDDUDUDDDDDDDD, 12
UUDDUUDUDDUDDD, 145
DUDDDDDUUUDUUU, 220
DDDUDUUDDUUUUU, 393
UUDUUDDUUDDDUU, 330
UUUDDUUUUDDDUU, 86
DDDDUDUUDDUUDU, 494
UUDDUUUUDUDDUU, 227
UUDDUUUUUDUDUU, 122
UUUUUDUDUDUDUD, 64
DDUUUDUDDUUUUU, 107
DUDDUDUUUDDUDU, 1218
DDDDDUDUUDDDDU, 118
UUDDUDUUUDUUUD, 582
UUDUDUUUDUUDDU, 262
UUUDDDUUDUDUUU, 367
UUUUUDUDUUUDDU, 102
DDDDUUUDUDDUUU, 24
UDUUUDUDDDDUUU, 137
DDDUUUDUUUUUUD, 161
DDUUUDDDDUDUDU, 401
UUDUUDUUDDUDUU, 228
UDUDUUUUUUDUDD, 155
DDUDUUDDDUUDUD, 324
UUDUDDUDUUDUUD, 765
DDDDUUUUUUUUDD, 66
UUUDDUUDUDDDUD, 62
DDDUDDUDDUUUDU, 707
DDUDDDUDUDUUDU, 1416
DDUUUDUUUDDUUU, 95
UUDDUUDUDDDDUU, 277
DDDUDDUUUDUUDD, 218
DDUUDDDUUDUUUD, 502
UDUUDDUUUUDUDU, 262
UDDDDUDDUUDUUU, 638
DDDDDDDDDDUDUU, 53
UDUUDUDDDUDDUD, 240
DUDDUDUUDDUUUU, 551
UUDUUUDUDDUUDD, 408
UDUUUUUUDUUDUU, 101
DUDUUDDUUDDDDD, 69
DDDDUUDDDUUUUD, 265
UDDDUDUDDUDUUD, 930
UDUDDUDUDDDDDD, 35
UDUUDDUDUUUDUU, 347
UDDUDDUUUDDUDD, 102
UUUUDUUUUDUDDU, 96
DDDUUUUUDDUDDD, 53
DUUUUUUDUUUDDD, 23
UDUUUUDUUUUUUU, 33
DUDDUDDUUDUDDU, 1054
UUUDDUDUUDUUUU, 68
UUDUUUUUDDDUDD, 86
DDDDDUDUUUUDDU, 354
DUDDUUDDDDUUUU, 332
DDUUDDUUDUUUUU, 89
UDDUUUUDDUDDDU, 61
DDUDUDDDDUDUUD, 567
UUUUUUDUUUDDDD, 24
UUUDDDUDUUUDUU, 393
DUDDDDDUDDUUDU, 668
DDDUDUUDUUUDDU, 369
DUUDDUUUUDUUUD, 360
UUDUUDDUDDDUUU, 249
DDDDDDDDDUUUUU, 66
UDDDDUDDUUUDUU, 202
DUDUDDDDUDDDDU, 96
UDDDDDDUDDDUUD, 108
UDUDUUDUUUDUDD, 980
UDUUDUUDUUDUDD, 519
DDDDUDDDUDUDUD, 502
UDUDUUDUUDDUDD, 99
UDDDUUDUDUUUDU, 503
DDDUUDUDDUDDDD, 44
DUUDUDDDUUDUUU, 640
DDUUDDDUDDDDUD, 60
UDDDDDUUDUUUDD, 591
DDUDDDDUDDDUUD, 140
DDUUUDDUDDUUDD, 291
UUDUDDDUUUDUUD, 290
DUDUUUUDDUUUDD, 363
UDUDUUDDDUUDUD, 1052
UUDDUDUUUUDDUD, 1315
UDDDDUDUDUDDUD, 309
UUDUDUUUUUUUUU, 84
DUUUUUUDDDUUUD, 83
DDUDDDUUDDDDDU, 168
DDUDDDDDUUUUUU, 131
DUDDDUUDDDUDDU, 323
UDDDUDDUUUUDDU, 631
DDUUUUDDDUUDDD, 138
DDUUDDUDDDDDDU, 28
UUDDDDUDUUDUUU, 339
DDDDDDDDUUDUDD, 70
DDUDDUUDDUUUUD, 225
DUDUUDDDUDUUUU, 314
DUUUDDDUDDUUUU, 195
UUUUDDUDDDDDDD, 11
UDDDUDDDUUUDDU, 357
DDDDDUDDUUUDDU, 135
UDUUDUUDUDUDDD, 194
UDDUUUUUDDDUDU, 254
DUDUUDUUUDUUDU, 252
DUUDDUDDUDUDUU, 497
DDDDUUUDUUDUDD, 490
DUDDUUDUUDUDDU, 779
DUDUDUUDDDDUUU, 435
UDUUDUUDUUDUUD, 462
DUUDDUUDDUDUDU, 223
UUDUDUDUDUDDDD, 124
DDDUDUUUUUDDDU, 170
UUDDUUUUUDDUDD, 302
UDDDUUUUUDDUUD, 320
DDDDUDDUUDDUUU, 253
UDUUUDDDUUDUUD, 397
DDDDDUUDDUDDUU, 188
UDDDUUUUDUDDUD, 574
UUDDUUUDUUUUDU, 229
DUDDUUUUDUDUUU, 205
UUUDUUUUDUUUUU, 26
UUDDDUUUUUDDUD, 244
UUUDDDDUUDDDDU, 70
DUUUUUDDUDDUUU, 184
DDDUDDDDUUDDDU, 108
UUDDUUUUUUDUUD, 228
UDUUUUUDDUUDDD, 66
DDUDUUDDUUDDUD, 1556
UDDUUDDDDUDDUD, 482
DDDUDUUUUUUUDU, 104
UUUUDDDUUDUDDD, 138
DDUDUDUUUUUDUD, 375
DUUUDDUUDUUUUU, 154
DUUDUUDUUDUDUU, 202
DUDDUUUUDUDDDD, 349
UUUUUUDDDDDDUU, 77
DUDUDDUUDUUDDU, 814
DDDUDUDDDDUUDU, 417
UDUUUUDDDDUDUD, 228
DDDUDDUUUUDDUD, 241
UUUUUUUDUDDDDU, 20
UDUDUUDDUDDDUU, 354
DDUDUUUDUUDUUD, 228
UUDDDDDDUDUDUU, 379
UDUUUDDDUUUUUU, 121
UUDDDUUDDDDUDU, 154
UDDUDUDUUUDDDU, 436
DDUDDDDDUDDDUU, 89
UUUDDUUDUDDUDD, 186
DUUUUDUDUUUUDD, 245
UDDUDUDUUUUDUD, 563
DUUUUDUUDDUUUD, 109
DUDUDUDUUUUUUD, 310
UDDUUDDDDDUUUD, 252
UDDUUUDDDDUDUU, 146
UDUDUDUDUDUDDU, 1040
DDDUDDDDDDUUUU, 118
DUDUUDDUUUUDUU, 302
DDUUUDDDUUUUUU, 77
DUUDDDUDUDDDDD, 51
UDDUDUDUDDUUUU, 520
DUUUDUUUDDUDUU, 242
DUDUDDDDDDUUDU, 448
DDUDDUUDDUUUUU, 534
DUUUDDUUUDDDDU, 667
DUUDDUUUDUUUDU, 930
UUDUDUUUUDDDDU, 120
UUUUUUUDDDDUDU, 51
DDDUDUUDDUDDUU, 247
UDDUUDUUDDUUDD, 250
DDUDDDDUUDDDDD, 98
DUDDDDDUDDUDUU, 329
DDDDDUUDDDDUDD, 183
DDDUUUDUDUDUDU, 357
UDDUUDDDUDDUDU, 180
DUUDDUUDDDUUDD, 151
DDDDDDDUDDDDUU, 18
DDDDUUUUDUDUUU, 104
UUUDDUDUUDDUUD, 547
DUUDDDDDUDDUUU, 194
DUUUDDUUDDUUUD, 314
DDDUDUUUUUUDUU, 70
DDDUUUUUDDDUDD, 255
UUDUUDDDDDDDDD, 10
DDUDDUUUDDDUUU, 63
UUUUDUDDDDUUDD, 151
DUUUDDUDUUDDUD, 616
UDDDDUUDUDDUUU, 687
UDUDDDUDUUUDDD, 145
DDDUDDDUUDDDUD, 340
DDUUDUUUDUDDDD, 89
UUDDDDUDDUDUDD, 159
DDUDUUUDUDDUDD, 491
UDUUUDDUUDDDUU, 25
UUUDUDUUUUUUUU, 38
UDUUDUUUUUUUUD, 78
DDDUDUUDDUDDDD, 58
DUUUDDDDUUUUDD, 377
DUDUDUUUDUDUDU, 697
DDDUDUUUUDDDUU, 249
UDDUDDUDDUDUDU, 784
UUDUUUUUUUDUDU, 44
UUDUDUUDUDDUUD, 245
DUUUUUUUUUUDDU, 14
DDUDDUUUDDDDUD, 160
UDDDDUUDDUDDUD, 358
DDUUDDUDDUDDDU, 160
DDDDDUUDUDUDUU, 296
UDDUUUUDUDUUUD, 709
DUDUUDUUUUDUDD, 132
UDDUDUDUDDDDUU, 516
DDUUDUUDDUUDDU, 285
DUUUUUDUUUDDDD, 41
DUUDDUUDUDUDUU, 183
UDDUUDDDDDUUUD, 227
DUUUDDUUUDUDDU, 221
DUUUDUDDUUDUDD, 366
UDUUDDUUDDDDUU, 268
DUDDDUDDDDDDUD, 86
UDDDUUDUDUDUDD, 352
UUDUUUDUDUDDDU, 101
DDDDDDDDUDUUDU, 83
UUUUUDUDDUUUDD, 75
DDDDDDDUUDUDDU, 349
UUDUUUUDUUDDUU, 174
DUUDUUUUDDUDDD, 192
DDUUUUUUDDDUDD, 76
UDDUDUUUUDUUDU, 421
UUDUUDDUUUDDUU, 205
UUDUDUUUDDDUUD, 84
DUUUUDUUUDDDDD, 105
UUDUDDDDUDUDDU, 379
DDUUDUUUUDUUUD, 236
UUUUDDUDDDUUDU, 192
DDDUDUUUDUUDUD, 494
UDUUDDDDUDUUDD, 117
UDUUDUUDUDUUUU, 412
UDDUDDDUUUDUDU, 954
UUDDDUDUUUUDDD, 323
DUUUDDDDDDUUUU, 90
UDDDDUDUUUDUUU, 287
UUDUUUDUDUDDDD, 49
DUDUDDDDDUUUDU, 245
UDDDDUDDDUUDUD, 261
DDDUUDDUDDUUDD, 370
DUDUDDUDDUDDUU, 290
DDUDDDDDDUDDDD, 26
UDUDUUDDUUDUDU, 830
DDUDDDUUUDDDDU, 191
UDUDDUDDDUUUUD, 490
UDDUUDUUDUUUUD, 253
DUUUUUDUUUDDUD, 79
UDDDDUUUUDDUDU, 847
DUUUDUUDDDDUUU, 162
UUDDDDUUUUUUUD, 133
UUDDDUDUDUDDUU, 251
UDUDUDDUUDDUDD, 185
DDUUUDUUUDUUUD, 149
UUDDUUUUDDUDUD, 421
DUUUUUUDUDUDDD, 47
DDDDDDDDDUDUDD, 41
DDUUUDUUUDUUDU, 316
UDDUUUDUDDUDUU, 225
UUUDUUDUUDUDDD, 43
DDDUUUDDUDUUDD, 410
DDDDDUUUDUUUDU, 432
UUDUUUUUUDUUUD, 63
DUDUUUDDUUUDUU, 381
DUUDDDDDUDUDUU, 1114
DDUUUDDUUDUUDD, 154
UUUDDDUDDUUDDD, 93
DDDUDUUUDUDDDU, 196
UUDDUUDUDDUDDD, 290
UDDUDUUUDDDDUD, 94
DDDUDDUUDUUUDU, 946
DUUDDUDUUDUDDU, 249
UDUUDUDUUUUDUU, 227
UUUUDUUDDUDDDU, 57
DUDUDDUDDUUUUD, 678
UUDUDDDDUDDDDD, 35
DUUUUDDUDUUUDD, 108
UDUUUDDDDDDUUD, 101
UDUUUUDUDUDDUU, 102
DUDDDDDDDUDDUD, 225
UUUDUDDDUUDDDU, 341
UUUUUDUDDUDUUD, 55
DDDDDUDDUUDDDD, 85
DUUUDDDUUUDUUD, 559
DDUDUDDDDDDUUD, 181
UDUDDUUDDUDUUD, 641
UDDDDDDDUUDDUD, 201
UDUUDUDDUUDDUU, 187
UUUUUDDDUDUDUD, 101
UDDUDUUUUUDDDD, 92
UDDUDDUDDUUUUD, 585
DUUDUUDUUUDUUD, 134
UUDDDUUDDDUUDD, 132
DDDUUUDUDDUUUU, 149
DUUDUDUDDDDDDU, 40
DUUDDUUDDUUDDD, 414
DUDDUUDDUUUUDD, 156
UUDDDUUDUDUDUD, 1368
UDDDUDUUUDUUDU, 372
UUUUUUUUUDDUDU, 25
UUDUDUDDDDDDDD, 22
DDDDDDUUDUDDUD, 58
UDDDUDDUUUDDUU, 423
DUDDUUUUUDUUDD, 553
DUDDUUDDUUDUDD, 488
DDDUDDDDUUDDDU, 246
DDUUUUDUDUUUUU, 54
DDDDUDDDDDUUUD, 99
UUDDUUUUDUDDUD, 259
DDDUDUUUUDUDDU, 682
UUUUUUDDDUDUDU, 36
UDUDUDUUUDDUUU, 669
UUUDDDDUDDDUDU, 425
DUDUUUUDDUUUUD, 541
UUDDDUDUUDDUUU, 344
UDUUDUUUDUDDDD, 101
DUUDUUDDUDDUDU, 479
UDUUUDDUDUDDUU, 143
DDUDUDUDUDDUUU, 461
DDDUDDDUUUDDDD, 200
UDDDDDDDUDDUUU, 192
UDDUUUUDDDUUUU, 374
UDUDDUDUUDUUUU, 1068
DUUUDUUDUUDUUU, 314
UUDUDUDDDUDUDD, 330
UUUDUDUUDDUUDU, 394
DDDUDDDDDUDUUD, 129
DUUUUUDDUUDUDU, 427
UUDDDDUDDUUDDD, 186
DDDUDDDDDDDDDU, 23
UDDUDDDDUUUUDU, 597
DUUDUDUUUUUDUD, 475
UDDDDUUUDUUUUU, 372
DUUDDUDUUDUDDD, 184
UDUDDUUUDUDUDD, 558
UUUUDDUDUUDUUU, 56
DDDDDDDUDDDDDU, 30
DUDUDDDUUUDDUD, 829
DUDDDUDUDUDUUU, 1008
DUUDDUUDUUDDUD, 176
DDUDUUUUDDUUDU, 453
UDDUUDDUUDUDUD, 1347
UDDUUUDDDDUUUD, 838
UUDDDUDDUUUUDD, 252
UDUDUUUDUDDUUU, 287
UDDDUDUUDUDUUU, 767
UUUDDUUDDDDUDU, 213
UUDDUDDUDUUUDU, 1113
DDUDUUDUDDUUUU, 86
UUDUUDDUDUUUDD, 175
DUUDDDUDDUUDUD, 636
DDUUDDUUDDDDDU, 215
DDDDDUDDUUDUUD, 122
DUDDDUUDUUUDUU, 532
UUDUUUUUUDDUDD, 63
DDDDDUUDUDDDDD, 56
DUUUUUUUDDDDDU, 18
UUDUDUDDUDDUDD, 153
DDDDDUDUDDDUDD, 91
DDDDUDUUDDDDDU, 97
DUDDUUUDUUUDDU, 392
DDUDDUUDDDDUDU, 231
UDDDUDUUUUDDUD, 1032
UDDDUUUDDUDUDD, 264
DDUDDDDUDUDDUD, 165
UDDDDUDUUUDDDU, 431
DUDUDDUDUUUUUD, 625
UDUDUDDUDDDUDU, 1022
UDDDUUDDUDDDDD, 71
DDUUDDDDUUDDDD, 87
UUUDDDUUUDUDDD, 160
DDDDUDDDDDUDUU, 112
DDUUUDUDDUUDUD, 320
DUUUDDDDUUDUUD, 209
DDUDUUDDUUDUUU, 269
DUUDUDUUDUDDUU, 510
UUDUDUDDDDDDDD, 16
UDDUUUDUUUDUDU, 332
DUUUUUUUUDDDDD, 39
UUUDUDUDDUUUUU, 70
UUDDUDDUDDUUDD, 644
DDDUDDDDDDUDUD, 182
DUDDUDUDUDUUUU, 906
DUUDDUDUDUDUDD, 669
UDUDDUUDUUDUDU, 451
UUDUUUDDDDUUUD, 172
UDUUDDDDUUUUUU, 48
UUUUDDDUUUUDUU, 45
DDDUDDDUUDDDUU, 343
UUDUDDDUDDDDUU, 125
UUDUDDDUUDDUDD, 338
DUDUUUUUDDDDDD, 49
DDUUDDDDDUUDUU, 366
DDDUDUDDUDUUUU, 286
DUDUUUUDUDDUUD, 768
DDDDUDUUDUUUUU, 165
DDUDDUDUDUDUUD, 785
UUUUDUUDDDDDUD, 47
DUDDDUUDDDUUUD, 880
UUUDDDDDDDUDUD, 88
UDUUUDUDDDDUUD, 141
DUUDUUUUDUUDDU, 336
DUUDDUUDUDUUDU, 260
UUUDDDDDUDDUUU, 46
UUDDDUDUUDUUDU, 718
UUDDUDDDUDUDUD, 237
DDDDDDUDUDUUUU, 95
UUUDUUDDUUUUUU, 46
DUUDDDUDUUDUDU, 393
UUUUDUUUDDDUDD, 132
DDUUDDUUUDDDUU, 129
DUDUUDDUDUDDDU, 153
UDUUDDDUUUUDDU, 425
UDUUUUUDDDDDDD, 46
DDDDUDDDUDDUDU, 388
UDUDUDDDDUUDDD, 138
DUDUUDDDDDDUDD, 225
DUUUDDUDDUDUDU, 1220
UDUUUUUDUDUDUU, 113
UUUDUUDUUDUDUD, 153
DUUUDUDUUDDUUD, 238
DDDUUDUUDDUDUD, 637
DUDDUUDDDUUUUD, 505
UUDDDDDUUDDDDU, 62
UUDUUDDUUUDUUU, 116
UDDUUUDUUUDUDU, 579
DUDDUUUDUDDUDU, 331
UUUUUDDDDDDDDU, 12
UDUDUUUUDDDDDD, 57
UDUDUUDDDDDDDD, 25
DDDDDUUUUUDUDU, 243
UDUDUDUDDDUDDU, 258
UUDUUDUDUDUDDD, 221
UUUDUDUDDDUUUD, 194
DUUUUDDUDDDUUU, 164
UUDDUDDUDUUDDU, 208
DDDDUUUDDUDUUD, 554
UUUDUUUUUDUUDU, 79
DDUDUDUDDUDDDD, 57
UDUDDUDUDDDUUD, 182
UUDUDDUDDDDDUD, 55
DUDDUUUUUDUUUU, 140
UDDUUUUDUDUDDD, 184
DDDDUUDDDUUUDU, 833
DUDDDDDUUDUDUD, 579
UDDDUDDDDDUDUD, 171
DDDUUUDDDDUUDD, 132
UUUDDUUDUUUDDD, 243
UDDDDDDUUDUUDU, 549
DDUUDDUDDUDUDD, 498
UUUDDDDDDDDUDD, 43
UDDDUDDUUDDUUU, 417
DUDDUDDUDUDUDU, 1215
DUDDUUUDDUUDUD, 240
UDDDDDUUUUDUDU, 547
DDUUUDUDUUUDDU, 456
DUDDDDDDUUUDDD, 219
UUDUUUUDDDDUUU, 131
DDUDUDDUUUDUDD, 805
DDDUDDUDUDUDDU, 691
DDDDUUUUDUDDDD, 97
UUDDUDDDDUUDDU, 447
UUUUDDDDUUDDDU, 283
DDDUDDUDDDDDUD, 128
DDDDUDDUDUUUDD, 142
UUDDUUDUUUUUUU, 73
UUUUDDDDDDDDDU, 10
UUUDDUDUUUUUUD, 59
UUUUDUDDDUUUDU, 246
UUDUUUUDDDUUDD, 51
DDUUDDUUUDDDDU, 108
DUUDUDDDUUUDUD, 435
DUUDUUUUDUDDUD, 108
DDDUDUDUUDUUDD, 830
UUUDUUUDDUUDUD, 207
UUDUUUUUDDDUDU, 237
UUDUUDDUDUDDDD, 84
DUUDDUDDUUDUDU, 152
UDUUDDUDDDUUUD, 258
UDUUUDUUDUDDUD, 530
UUDDDUUDDUUUDU, 337
UUUUDDUUDDUUDU, 228
DDUUDUDDDDUDUD, 269
DDUUDDUUDDUDDU, 490
DDDDUDUUDDUDUU, 295
UUUDUDDDDDUDUD, 101
DUDDUUUDDDDDUU, 380
UUDDDUUDDDUUUU, 287
DUDDDUUDUUDUDU, 1063
DUUUUUDUUDDDUD, 102
DUUDUDUDUUDUDU, 493
DDUDDUDDDDUUDU, 465
DDUDUDDDDUUDDU, 173
UUUDUDDUUDUUDD, 122
UUUUDDDUUDDDUU, 231
UDUUDUDUUUDDUU, 249
DDDUDDDUDUUUUD, 410
DUUUUDDUDUDUUD, 541
DDUUDUDDDDDUUD, 352
DUDDDUDUUUDUDU, 829
DUUUUDDUUUUUDD, 142
UUUUUUDDUDUDUU, 50
DDUUDUDUDDUDUU, 296
UDUDDDUDDDDDUD, 78
UUDUDUDDUDDDDD, 39
DDDUUDDDUDDUDU, 554
DUDDUDUUDDUUUD, 429
UUDUUDDUUUUDDU, 254
UUDDUDDUUDDUUU, 393
UUDUDDUUUDDDUU, 88
UDUDDDDDDDUDUU, 368
UDDUDDUUDDUDUD, 324
DDDUDUDDUUDDUU, 245
UDUDDUUUDDUDUU, 398
UUDUDDDDDDDDUU, 15
DDUDUUDDUDDUUD, 437
DUUUUUDUUUDUUU, 85
UUUDUDUUUUUUDU, 61
UDUUDDUUDDDUUD, 505
UDUDDUDUDDDUUD, 1414
DUUDUDDDDDDUUU, 81
UDUDDDUUDDDUUD, 144
DDDUDDDDDUUDDU, 94
UUUUDUDDUDUUDD, 81
DUUUDDUUUUDUDU, 411
UUUUDUUUUUUDUD, 28
DDDUDDDDUUUUDD, 327
UUDDDDUDUDUUUD, 810
UUDUDDUDDDUDDU, 141
UDDDUUUUUUUDUD, 151
DUUUDDDUDUDDDD, 81
DUUDDDDDUUDUUU, 558
DUDUUUUUUDUDUU, 129
DDDDUDDUUUDDUU, 441
UUDUUDDDDDDUUD, 219
UDUUDUUDUDDDDU, 144
DDUDDDUUDUDUUU, 941
DUDDDDDDUDDUDD, 54
DUDDUDDDUUDDDU, 289
DDUDDUUUDUDUDD, 409
DUDDUDDUDDDUDD, 235
DUDDDDUUDDDUDD, 117
DDDDUUDUUUDUDU, 381
UDDUDUDUUUUDDU, 1879
UUDUUUUDDUDDDD, 27
UDDDUUDDDUUDUU, 196
DUUUDUUUDDUUUD, 128
DUUDUUUDUDDDUD, 257
DDUDUUUUUDUUUD, 216
DDDDUDUDDUUUUD, 233
DUUDUUDUDDUDDD, 117
UDUDUDUDUDUUDU, 428
DDDUDDUUDUDUDD, 569
DDDUDUUDUUUUUD, 313
UDUUDUDUUUDDDD, 70
UDDUUUUDDUUDDD, 193
UUDDDDDDUDDDUU, 105
DUUDDUDUUUUUUU, 327
UDUDUUDDUDUDUD, 500
DUUDDUUDUUUUUD, 208
UDDUUDDDUUDDUD, 433
DUDUDDUDUDUUUU, 287
DUDDUUDUDDUUDD, 1114
UDDDUUDUUDUUDU, 1124
UUUDDDUUDDDUUU, 65
UDUDDDUDUDUDDU, 314
UUUUUUDUUDUUUD, 34
DUDUUDUUUUDDUU, 340
UUDDUDDDUDDDUU, 258
UDDUDDUDUDUUUD, 269
UUDDDDUUUUUUUU, 97
DUDDDUDDUDDDUU, 209
DDUUUDUUUUUUUD, 63
UDDUUDUUUUDDUU, 77
DDDDUUDDUUUUDU, 152
DUUUUUDUUUDUDU, 40
UDUDUUDDDUUDDD, 184
DUUUUDUDDDUDDD, 68
DUUDDUUUUUDDDD, 102
UDUDDDUDUUUUUU, 242
UDDUDUUUDDDDUD, 417
UDDUUDDUUUUUUD, 114
DDUUDUDDUUDDUU, 107
UDDDUUDUDUUUUU, 124
UUDDDDUUUUDDUD, 327
UUDDUUUUDDDDDU, 182
DDDDDUDUUUUDDD, 213
UUDUDUUUUDDDUD, 177
DDUUDDDDUUUUUU, 56
DDDUDDUUUDUDDU, 249
DUDDDUUDUUUDDU, 889
UDDDUDUDDUDUUU, 318
DDUDDUDDUDDDDU, 190
UUDDUUDUUUUUUU, 67
UUDUUUUDDUUUDU, 154
DDDUUUUDUDDUDU, 207
DUUDDUUUDDDUDU, 143
DUDDDDUDUUDDUU, 395
DUDUUUUDUDDUUD, 318
DUDUUUUUDDUDDU, 346
DDDUDDUDUDDUDD, 497
UUUDDUDUUDDDDU, 137
DUDUDUUUUUUUUU, 204
UUDUUDUUDUDDUU, 65
UDUUUUDDUDUUDU, 291
UUDDDDUUDUDUUU, 555
UDDDUDUUDDDDUD, 185
DUUUDDDUUDDUDU, 371
DUUUUUUDUDDUUU, 27
DDDUUDDUUUDDUD, 277
DDDDUDUUUUDUDU, 1044
DDUDDDDDDUDDDU, 74
DUDUUDUUDDDDDU, 136
DUDDUUDUUUUUDD, 639
DUDDUDDDDUUDDD, 64
DDUDUUUUDUDDDD, 58
DUUDDUDUDDUDDU, 1021
DDUDUUUDUDUDDU, 275
DUDUDUUUUUDDUU, 239
UUUUDDDDDDDDUD, 24
UDDDDUDUUDUDDD, 184
DUUDUUDUUDDUUD, 302
DUDDDDUUDUDUDU, 271
UDUUUUDUDUDDDU, 196
DDDUUDDDDDUDDU, 122
DDUDUDDUDUDUUU, 385
UDUDDUUUUUDUDU, 268
UUDUDUUUUUDUUD, 165
UDUUUDUUUUDDDU, 305
UDUUDDUDDDUDDD, 101
DUDUUDDDDUUUUD, 574
UUUUDDDUUUDUUD, 104
DUUDUDUUUUDDUD, 141
UDDDDDDUUDDDUU, 187
UDDUUDUUUDUUDD, 500
DDDUUUUUUDUDDD, 120
DDDDDUUDDDUUUU, 52
DUDDDUDDDUUDUD, 789
DDDUUUUUDDUUDU, 335
UDUDUUUDDDUDDD, 267
UDDDUDDUUUDUDD, 1510
DDDDDDUUUDDDDD, 48
UDUDUUUDDDDUUU, 87
DUDUUUUDDUDUUD, 164
UDDUUDUUDDUDUD, 216
UDDDDDDDDDUDDD, 16
UUDDDDUDDDUDDU, 183
DUDUDUDDDDUUUD, 207
DUUUDDUUDDDUUD, 294
UDDUDDDDUUUDDU, 389
DUDDUDUDDUUUUD, 694
DUUUDDDDDUUUDU, 265
DUUDDUDUUDDDDD, 67
DDDDUDUDDUUUDU, 154
DUDDUUDDDDUUUU, 390
DDUDDDDDDUUUDU, 169
UDDDUDDDDDUDDU, 76
UUDUUDDDUUUUDU, 188
DDUUUDUDUDUDUU, 308
DUDDUDDUUDDUDD, 243
UUDDDUDUDUUUUD, 411
UDDDDUUDDDUUUU, 384
DUUDUDUDUDDUDU, 305
UUDDUUDDDUDUDD, 516
DUUDUDUDDDDDUU, 85
UUUUUDUDDDUDDU, 33
UUDUUUDUDUDUDU, 296
DUDUDUDUUUUDUD, 1170
UUUDDUDUDUUUDD, 750
UUUDDDDDUUUUUD, 139
DUDDUUUDDDUDUU, 26
DDUDDDUUDDDUDU, 769
DDUDUUUUUUUUDD, 119
UDUUDDUDUDDDDU, 195
DUDDDDUUDUDDUD, 821
DDDDDUUUDUUUDD, 246
UDDUDDDDDUDDDU, 116
DDUDDUDUUDUUUU, 515
DUDUUUDDDDDDUD, 91
DUUUDUUDUUUUUU, 58
DUDDDDDDUUDUDD, 367
DUDDDDDDDDDUDU, 90
UDUDUUUDUUDDDU, 154
UDUUDUDDUDUUDD, 543
DDUUDUDDUUUDDD, 198
UUUUUUUDUDUDUD, 43
DUUDDDUDDDUDDD, 18
DDUDDDUDDUUUDU, 663
UDUDDUDDUDDUUD, 784
DUDDDDDUUDUUUU, 329
UUDUDDDDDUDDDD, 30
UUDUDDDUUUUUUD, 152
UDDUDUDDDDUUDD, 356
DDDDDUUDUUDUDD, 365
UUDDDUDDUDUUUU, 961
UUUDUDUDDDDDUD, 119
DUUDUUUUDDDDUD, 147
UUUUUDUUDUDDDU, 45
UDUUUDDDUDDUUU, 94
DDDDUUDUDUDUUD, 755
DUDDDDUDUDDDUD, 115
UUUDUDDDDUDDDU, 58
UDDDDDDDUUDUUD, 196
UDDDUUDUUDUDDU, 374
DDDUUDDDUUUDUD, 422
DUUUDUUDUUUDUD, 236
DUUDDUUUUDUUDU, 446
DUUUUDUDDDDDDD, 7
UDDDUUUUDDUUDU, 424
DDUDUDUUUUDDUU, 388
UUUUDUUUDDDUDU, 159
DDDUDDUUUDUDUU, 178
DUUUUUDUUUUUUU, 10
DDDDDUUDUUDUDD, 206
DDDDUUDDUUUDDD, 51
UUUUDDDDDUDUDD, 63
UDDDUUDDDUUUDU, 1666
UDUUDDDUDDUUUU, 54
DDDUUDDUDUDDDU, 326
DDUUDUUDDDDUUU, 295
DDDDDUUUUUUUDU, 96
UDDUDDUDUDDUUU, 1127
DUUDDDUDUDDUDU, 198
DDUUUDUDDDDDDD, 27
DDDUUDUUDDDUUU, 178
DDUDDUDUUDUUUU, 549
UUDDUUDUDUUUUD, 1036
DUUDUUUUUUUDDD, 61
UDDUUDUDUDDUUD, 76
UDDUUUDUDDDUUU, 135
UDDUDDUUUUUDDU, 325
UDUDUUUUUDDUUD, 448
DDUUUUDDUDDDUD, 92
UDUUUDUDDUDUDD, 106
DUDDUUDDUDUDUD, 1858
DDDUUUUDUUUUUU, 44
DDUUUUDUUDUDDU, 207
UDDDDUDUUDDUDD, 496
DDUUDUUUUUDUUD, 254
DDUDDUDUDDUUUU, 429
UDDUUUDDDUUUDU, 981
UUUUDUDDUDDDUU, 71
DDUDDDDUUDUDUU, 856
DUDUDDDUDUUUDD, 320
DDUDDDUDDUUDUD, 729
UDUDUUUUUDDUDD, 117
DUUUUUDDDDUDUD, 194
UDDUDUUDUDDDUD, 863
DDUDUUDUUDDUUD, 505
UDUDDUDUUDUDDU, 484
DUUDDDDDDUUDUD, 374
UDDDDUDUDDUUDU, 923
UDUUUUDDDUUDDU, 202
DDUUUUDUUDUDDD, 163
DDDDDDDDUUDDUD, 98
UDDDDDUUUDUDUD, 550
UDUDUUUUUUDDDU, 271
UDUUUUUUDUUDDU, 116
DUUUUUDDUDDUUD, 239
UDDDUUUDDDUDUU, 783
UDDDDDUUUUUUDD, 98
UUDUUUDDDUDUUU, 181
UUUUDUDDDDUDUD, 186
UDDUUDUUDDUDDU, 179
UDDDDUDUDUUUUU, 476
DDUDDDUUUDUDUU, 476
DUDUDUUDUDDDUD, 170
UUDUDUUDUUDDUU, 291
DUDDUUUDDUDDDU, 137
DUDUUDUDDDDUDU, 184
DUDUDDDUUUDDDD, 100
UUUUDDDUUUDUUD, 142
DUDUUUUDDDDUDD, 172
UDUUUUDUUUUDUD, 149
UDUUDUDDUDDDUU, 233
DDUDDUDDDUDUUU, 432
DUUDDDUUDDDUDU, 442
UUDUDDUUUUUUUD, 128
DUUUDDUUUUDUUD, 252
UUUDUUDDDUUUUD, 226
UUDUDDUUDUDUDD, 347
DDUUUDDUUUDDDD, 42
UUDDDUDDDUDUDU, 506
DDUDUDDDDDUDUU, 251
DUDUDDUUUDDUUD, 1114
DDDUDDUUUDDDDD, 78
DUUDDUUDDDUUUU, 264
DDDUUUDDUDDUUU, 170
DDUUDUUUDDUUDU, 281
UDUDUDUDDDDDUU, 173
DUDUUUDDUUDDUD, 790
DUDDUUDUUDUDUU, 279
UDUDUUDUDUDDUD, 413
DDUUUDDUDDUUUD, 853
DUUDUDUUDUUDUD, 726
UDUDDUUUUUUUUD, 108
UDDDUUDUDUUDDD, 252
UUUDDDUDUDDUUD, 638
UDDDUUUDDDUDDD, 319
UDDUUUUDDDDUDD, 77
DUDUDDDUDUUUDD, 496
UDDDUDDDUDUUDD, 419
DUDDDUDUUUUDUU, 848
UDUDDUUUUDUUUU, 222
UUDUDUUDUDUUUU, 220
UUDUUUUUDDDDUU, 38
UUDDDUDUUUUUDU, 284
UDDDDDUUUDUUUD, 691
DUDDUUUDUUUDDD, 253
UUUUDDUUUDDDUD, 113
UDDDDDUDUDDUDU, 337
UDUDDDUDUUUUUU, 378
UUUUDDUDUUDDDU, 107
UUDUUUUUUUDUDD, 48
DUUUDDUUUUUUUD, 65
DUUDDDUUDUDDUU, 267
UDUUDUUUUDDUUU, 216
DUUUDUDDUDUDUU, 432
UUDUUUDDUUUUDU, 177
UDUUUDUDDUDDUU, 200
DDDDUUDDDUUUDU, 105
UUUUDDDDUUDUUD, 926
DDUUUDUUUUDUUU, 94
UDDDDUUDDUDDUD, 228
UUDUUUDDDDDDDU, 42
UUDUUDDDDDDUUU, 97
DUDDDDUUUUUUDD, 292
DUDDDUUUUDUDUU, 338
UUDDDDUUDDDUUU, 329
UUUDDDUDDDDDUD, 153
DUDDDDDDUDUDUU, 294
DDUDDDUUUUUUDU, 211
UUDUUDDUDDDUDU, 496
DUDUUUDUDDDDUD, 120
UUDUUUDDDDUDUU, 289
DDDUUUDUDDDDUU, 73
DDDDDDDUUUDUUD, 192
UDUDUDDUUUUDDD, 321
UUDUDUDDDUDDDU, 194
UDUUDUUDUDDUDD, 397
DDDUDUUDDUDUUU, 934
DDUDUDDUDDDDDD, 39
UUUDUUDUDUDUUU, 130
UUDUUDDUUUDDUU, 76
UUDDUUUUUDUUUU, 119
DDDDDDDUDDDUDD, 28
DDDUUUDUDDUUDD, 89
DDUDDUUUUUUDUD, 434
UUDUDUUDDUDDUD, 200
DUUDUDDUUDDDDD, 78
DDUDDUDUUUDDDD, 107
UDUUDUUUUDDUDD, 187
UDUUUDDDUDUDUD, 543
DDDUUUDDDUDUDD, 163
UDDUDDUDUUUUUU, 212
DDUUUDDUDUDDUD, 114
UDUUUUDDUUDDDD, 56
DUUDDDUDDUUUDU, 361
